"digit","M_connections","Time","Accuracy.FF","Accuracy.baseline","release.probability"
7,5,60,94.44,89.72,1
6,5,60,94.71,90.42,1
3,5,30,89.9366666666667,89.9,0.5
7,5,60,94.61,89.72,1
4,5,10,92.55,90.18,1
2,5,10,94.22,89.68,1
5,5,10,91.21,91.08,1
2,5,20,91.5633333333333,89.68,0.5
8,5,20,90.62,90.26,1
2,5,60,94.02,89.68,1
1,5,60,94,88.65,1
3,5,40,93.63,89.9,1
8,5,100,90.57,90.26,1
7,5,80,94.04,89.72,1
5,5,10,91.18,91.08,1
2,5,20,90.3866666666667,89.68,0.5
9,5,100,91.71,89.91,1
2,5,50,94.29,89.68,1
1,5,50,94.4,88.65,1
2,5,40,94.95,89.68,1
0,5,80,92.15,90.2,1
5,5,10,91.21,91.08,1
4,5,10,91.72,90.18,1
7,5,60,94.92,89.72,1
8,5,20,90.92,90.26,1
6,5,20,94.48,90.42,1
6,5,10,92.51,90.42,1
7,5,40,89.7966666666667,89.72,0.25
2,5,30,94.57,89.68,1
8,5,80,90.26,90.26,0.25
3,5,30,93.48,89.9,1
4,5,30,92.81,90.18,1
0,5,100,91.23,90.2,1
9,5,40,92.52,89.91,1
6,5,10,92.95,90.42,1
2,5,30,94.12,89.68,0.5
2,5,30,93.63,89.68,0.5
7,5,40,95.24,89.72,1
1,5,80,88.65,88.65,0.5
7,5,20,91.51,89.72,0.5
8,5,50,90.97,90.26,1
5,5,100,91.96,91.08,1
1,5,50,94.76,88.65,1
4,5,20,91.06,90.18,1
9,5,30,91.41,89.91,1
2,5,10,90.8566666666667,89.68,0.5
0,5,40,93.39,90.2,1
4,5,60,92.22,90.18,1
8,5,100,90.45,90.26,1
2,5,30,94.05,89.68,0.5
7,5,80,93.86,89.72,1
5,5,40,92.74,91.08,1
3,5,10,90.49,89.9,1
7,5,50,95.43,89.72,1
1,5,40,92.6,88.65,1
2,5,30,95.24,89.68,1
7,5,20,90.4533333333333,89.72,0.5
2,5,20,93.24,89.68,0.5
6,5,100,92.57,90.42,1
6,5,20,94.39,90.42,1
7,5,50,94.93,89.72,1
7,5,30,94.55,89.72,1
0,5,10,91.35,90.2,1
0,5,50,92.74,90.2,1
1,5,40,91.29,88.65,1
8,5,10,90.32,90.26,1
2,5,10,91.49,89.68,1
3,5,20,91.84,89.9,1
3,5,20,90.4966666666667,89.9,0.5
7,5,30,95.27,89.72,1
4,5,30,91.8,90.18,0.5
0,5,60,92.18,90.2,1
7,5,80,94.57,89.72,1
7,5,10,93.13,89.72,1
7,5,30,90.4,89.72,1
2,5,20,90.6,89.68,1
0,5,30,91.81,90.2,1
8,5,40,91.18,90.26,1
3,5,20,90.37,89.9,1
9,5,80,91.99,89.91,1
2,5,30,89.8,89.68,1
5,5,50,92.65,91.08,1
2,5,20,92.3833333333333,89.68,0.5
7,5,10,90.59,89.72,1
9,5,100,91.05,89.91,1
2,5,20,95,89.68,1
7,5,10,90.3233333333333,89.72,0.5
1,5,20,90.28,88.65,1
3,5,40,92.8833333333333,89.9,0.5
5,5,50,92.21,91.08,1
0,5,50,92.87,90.2,1
5,5,60,92.48,91.08,1
9,5,40,92.33,89.91,1
7,5,50,94.95,89.72,1
7,5,20,94.68,89.72,1
1,5,20,88.79,88.65,1
8,5,40,91.31,90.26,1
7,5,20,90.12,89.72,1
5,5,40,92.48,91.08,1
1,5,50,94.46,88.65,1
7,5,20,93.07,89.72,0.5
2,5,10,92.9333333333333,89.68,0.5
5,5,20,91.22,91.08,1
7,5,20,91.2333333333333,89.72,0.5
1,5,30,90.71,88.65,1
5,5,50,92.6,91.08,1
4,5,20,90.5166666666667,90.18,0.5
2,5,10,93.46,89.68,1
3,5,10,90.9433333333333,89.9,0.5
9,5,100,91.52,89.91,1
2,5,20,91.3666666666667,89.68,0.5
6,5,80,93.51,90.42,1
5,5,10,91.08,91.08,1
2,5,20,93.63,89.68,0.5
7,5,10,90.66,89.72,1
4,5,20,93.17,90.18,1
2,5,30,94.45,89.68,1
2,5,20,91.82,89.68,1
2,5,10,90.86,89.68,1
3,5,40,93.69,89.9,1
0,5,10,91.97,90.2,1
2,5,40,95.36,89.68,1
3,5,20,91.7366666666667,89.9,0.5
6,5,30,94.7,90.42,1
3,5,30,92.7333333333333,89.9,0.5
3,5,20,91.1566666666667,89.9,0.5
7,5,40,95.32,89.72,1
7,5,30,89.81,89.72,1
6,5,60,94.36,90.42,1
0,5,30,92.74,90.2,1
7,5,50,94.8,89.72,1
7,5,20,94.35,89.72,1
5,5,40,93.07,91.08,1
3,5,40,93.29,89.9,1
3,5,20,90.0933333333333,89.9,0.5
7,5,20,94.9,89.72,1
4,5,30,91.91,90.18,1
7,5,40,95.08,89.72,1
2,5,30,90.02,89.68,1
2,5,80,92.57,89.68,1
2,5,10,93.1,89.68,1
7,5,50,94.53,89.72,1
3,5,20,90.97,89.9,0.5
7,5,100,93.29,89.72,1
6,5,10,92.14,90.42,1
2,5,20,94.64,89.68,1
2,5,10,92.87,89.68,0.5
6,5,40,94.67,90.42,1
6,5,30,94.14,90.42,1
4,5,10,90.5433333333333,90.18,0.5
5,5,10,91.09,91.08,1
6,5,30,94.43,90.42,1
3,5,20,89.96,89.9,1
2,5,30,95.33,89.68,1
3,5,10,92.05,89.9,1
2,5,10,91.4,89.68,1
9,5,30,91.28,89.91,1
3,5,20,90.4033333333333,89.9,0.5
6,5,40,94.45,90.42,1
7,5,30,95,89.72,1
6,5,40,95.54,90.42,1
5,5,20,92.2,91.08,1
6,5,50,94.68,90.42,1
4,5,80,90.96,90.18,1
6,5,40,95.18,90.42,1
7,5,20,94.63,89.72,1
3,5,60,93.5,89.9,1
8,5,100,90.43,90.26,1
6,5,30,94.47,90.42,1
2,5,10,91.66,89.68,1
2,5,20,94.42,89.68,1
2,5,30,89.95,89.68,1
3,5,10,92.07,89.9,1
2,5,20,91.35,89.68,1
3,5,10,91.83,89.9,1
7,5,20,93.5833333333333,89.72,0.5
9,5,10,90.42,89.91,1
3,5,10,92.19,89.9,1
1,5,10,88.7,88.65,1
8,5,40,90.77,90.26,1
5,5,10,91.27,91.08,1
1,5,30,90.6,88.65,1
3,5,100,92.33,89.9,1
2,5,20,94.88,89.68,1
5,5,60,93.24,91.08,1
5,5,100,92.05,91.08,1
8,5,60,91.46,90.26,1
0,5,50,92.32,90.2,1
2,5,30,93.35,89.68,0.5
7,5,20,93.2466666666667,89.72,0.5
3,5,20,91.7733333333333,89.9,0.5
0,5,40,92.63,90.2,1
3,5,30,90.08,89.9,1
4,5,30,91.6866666666667,90.18,0.5
5,5,100,91.84,91.08,1
2,5,30,93.9866666666667,89.68,0.5
1,5,40,91.81,88.65,1
4,5,100,90.62,90.18,1
5,5,20,91.9,91.08,1
9,5,60,91.3666666666667,89.91,0.5
4,5,50,92.51,90.18,1
6,5,40,95.02,90.42,1
0,5,30,92.96,90.2,1
0,5,60,93,90.2,1
2,5,40,94.59,89.68,1
3,5,20,91.37,89.9,1
0,5,50,93.21,90.2,1
3,5,80,93.24,89.9,1
3,5,50,93.71,89.9,1
2,5,80,93.43,89.68,1
0,5,20,92.56,90.2,1
6,5,60,94.37,90.42,1
3,5,30,93.58,89.9,1
4,5,30,92.71,90.18,1
1,5,30,90.35,88.65,1
1,5,80,93.96,88.65,1
3,5,20,92.87,89.9,1
9,5,10,90.1,89.91,1
0,5,60,92.02,90.2,1
7,5,10,93.6,89.72,1
7,5,20,93.97,89.72,1
7,5,20,93.73,89.72,0.5
4,5,40,93.34,90.18,1
3,5,40,93.43,89.9,1
8,5,100,90.49,90.26,1
3,5,20,92.69,89.9,1
6,5,80,93.42,90.42,1
8,5,40,91.17,90.26,1
7,5,30,95.08,89.72,1
5,5,30,91.86,91.08,1
4,5,50,92.22,90.18,1
7,5,100,93.54,89.72,1
6,5,20,94.46,90.42,1
7,5,20,95.03,89.72,1
4,5,20,91.48,90.18,0.5
4,5,10,92.14,90.18,1
8,5,20,90.83,90.26,1
4,5,50,91.96,90.18,1
0,5,60,92.55,90.2,1
4,5,80,91.03,90.18,1
0,5,20,91.3,90.2,1
2,5,30,95.23,89.68,1
9,5,30,91.73,89.91,1
7,5,30,94.26,89.72,1
2,5,20,94.83,89.68,1
4,5,10,90.47,90.18,1
4,5,30,92.52,90.18,1
3,5,20,91.9533333333333,89.9,0.5
0,5,80,91.79,90.2,1
3,5,10,91.37,89.9,0.75
3,5,20,92.76,89.9,1
2,5,10,92.8666666666667,89.68,0.5
6,5,40,95.55,90.42,1
2,5,10,90.5566666666667,89.68,0.5
3,5,50,93.5,89.9,1
2,5,20,91.49,89.68,1
3,5,10,91.81,89.9,1
7,5,30,94.68,89.72,1
3,5,20,90.74,89.9,0.5
7,5,30,90.2966666666667,89.72,0.5
0,5,10,91.61,90.2,1
6,5,80,93.69,90.42,1
2,5,10,90.94,89.68,1
2,5,30,94.52,89.68,1
3,5,10,91.64,89.9,1
4,5,30,91.83,90.18,0.5
9,5,40,92.5,89.91,1
4,5,30,91.47,90.18,1
9,5,40,92.13,89.91,1
7,5,80,93.42,89.72,1
7,5,10,92.3233333333333,89.72,0.5
3,5,30,93.32,89.9,1
7,5,30,90.56,89.72,1
7,5,20,91.44,89.72,1
2,5,40,95.39,89.68,1
0,5,20,91.97,90.2,1
4,5,20,91.6933333333333,90.18,0.5
4,5,40,93.13,90.18,1
3,5,20,91.7066666666667,89.9,0.5
7,5,10,93.54,89.72,1
2,5,50,94.51,89.68,1
3,5,40,93.41,89.9,1
2,5,40,94.49,89.68,1
7,5,10,91.34,89.72,0.5
7,5,30,93.53,89.72,0.5
2,5,20,90.7266666666667,89.68,0.5
4,5,10,91.84,90.18,1
0,5,40,92.86,90.2,1
4,5,50,92.75,90.18,1
3,5,30,90.8366666666667,89.9,0.5
6,5,40,95.43,90.42,1
3,5,40,93.99,89.9,1
3,5,10,89.9,89.9,1
2,5,10,92.0066666666667,89.68,0.5
1,5,40,92.96,88.65,1
7,5,100,93.02,89.72,1
4,5,20,92.18,90.18,1
2,5,30,94.85,89.68,1
2,5,10,92.85,89.68,0.5
0,5,40,93.64,90.2,1
7,5,30,92.7466666666667,89.72,0.5
9,5,30,91.64,89.91,1
7,5,60,95.1,89.72,1
5,5,60,92.73,91.08,1
2,5,30,95.07,89.68,1
3,5,30,89.95,89.9,1
9,5,10,90.5,89.91,1
7,5,10,90.7,89.72,1
0,5,100,91.16,90.2,1
2,5,20,90.66,89.68,1
3,5,30,93.06,89.9,1
7,5,30,91.54,89.72,1
4,5,30,90.77,90.18,1
3,5,40,93.97,89.9,1
2,5,20,91.0633333333333,89.68,0.5
8,5,30,91.2,90.26,1
2,5,10,90.54,89.68,1
6,5,20,94.32,90.42,1
2,5,10,90.1833333333333,89.68,0.5
0,5,20,92.3,90.2,1
7,5,40,95.03,89.72,1
4,5,10,90.7766666666667,90.18,0.5
7,5,40,95.03,89.72,1
3,5,30,92.6266666666667,89.9,0.5
2,5,30,90.7566666666667,89.68,0.5
9,5,40,91.69,89.91,1
9,5,40,92.3,89.91,1
4,5,20,91.76,90.18,0.5
4,5,10,90.76,90.18,0.5
4,5,20,92.93,90.18,1
9,5,30,92.07,89.91,1
2,5,20,91.39,89.68,1
5,5,10,91.12,91.08,1
0,5,30,92.63,90.2,1
8,5,80,91.02,90.26,1
3,5,20,90.69,89.9,1
3,5,50,93.7,89.9,1
4,5,30,90.25,90.18,1
4,5,30,90.1833333333333,90.18,0.5
4,5,30,90.28,90.18,0.5
3,5,30,93.14,89.9,1
6,5,20,94.07,90.42,1
3,5,30,93.33,89.9,1
4,5,20,90.3066666666667,90.18,0.5
1,5,80,94.89,88.65,1
5,5,20,91.74,91.08,1
4,5,40,92.48,90.18,1
3,5,80,92.7,89.9,1
5,5,60,91.52,91.08,0.25
4,5,30,93.19,90.18,1
7,5,30,89.82,89.72,1
6,5,30,94.2,90.42,1
9,5,20,90.99,89.91,1
2,5,10,94.04,89.68,1
0,5,80,91.84,90.2,1
5,5,60,92.81,91.08,1
0,5,80,91.57,90.2,1
2,5,40,94.4,89.68,1
2,5,20,91.64,89.68,0.5
4,5,20,92.82,90.18,1
2,5,20,94.72,89.68,1
3,5,30,90.69,89.9,0.5
5,5,40,92.63,91.08,1
7,5,10,94.06,89.72,1
3,5,50,93.67,89.9,1
6,5,60,94.24,90.42,1
2,5,30,90.06,89.68,1
6,5,60,94.15,90.42,1
3,5,10,91.26,89.9,1
0,5,50,93.48,90.2,1
8,5,10,90.62,90.26,1
8,5,50,90.26,90.26,1
5,5,60,92.65,91.08,1
3,5,50,93.76,89.9,1
3,5,30,89.93,89.9,1
2,5,10,92.7133333333333,89.68,0.5
4,5,10,92.95,90.18,1
2,5,10,93.11,89.68,1
3,5,20,89.93,89.9,0.5
5,5,50,92.56,91.08,1
0,5,30,93.07,90.2,1
2,5,60,93.97,89.68,1
9,5,10,90.67,89.91,1
8,5,50,90.97,90.26,1
9,5,20,90.99,89.91,1
9,5,40,92.07,89.91,1
0,5,30,92.59,90.2,1
2,5,20,90.77,89.68,0.5
7,5,20,91.2833333333333,89.72,0.5
5,5,100,91.82,91.08,1
1,5,100,92.39,88.65,1
3,5,20,90.0066666666667,89.9,0.5
4,5,60,91.28,90.18,1
3,5,20,89.9,89.9,1
5,5,30,92,91.08,1
4,5,40,92.86,90.18,1
0,5,40,92.77,90.2,1
3,5,50,93.34,89.9,1
2,5,30,93.26,89.68,0.5
6,5,30,94.38,90.42,1
2,5,60,89.78,89.68,0.25
5,5,40,93.06,91.08,1
7,5,30,93.1366666666667,89.72,0.5
9,5,40,92.06,89.91,1
0,5,40,92.73,90.2,1
3,5,40,93.74,89.9,1
3,5,20,89.93,89.9,1
7,5,30,93.91,89.72,0.5
7,5,10,94.13,89.72,1
7,5,10,91.28,89.72,1
2,5,30,94.21,89.68,0.5
1,5,50,93.79,88.65,1
2,5,20,92.9033333333333,89.68,0.5
4,5,60,91.6,90.18,1
2,5,20,94.74,89.68,1
3,5,10,92.18,89.9,1
7,5,80,93.42,89.72,1
4,5,20,92.67,90.18,1
2,5,30,89.95,89.68,1
7,5,100,93.01,89.72,1
7,5,40,94.87,89.72,1
5,5,40,92.15,91.08,1
8,5,40,91.49,90.26,1
1,5,60,94.39,88.65,1
7,5,40,95.32,89.72,1
3,5,20,92.53,89.9,1
1,5,40,92.8,88.65,1
6,5,60,94.24,90.42,1
0,5,80,91.52,90.2,1
0,5,40,93.05,90.2,1
0,5,50,92.96,90.2,1
9,5,80,90.1333333333333,89.91,0.5
3,5,20,92.04,89.9,0.5
6,5,50,95.28,90.42,1
3,5,10,91.78,89.9,1
5,5,10,91.26,91.08,1
4,5,40,93.19,90.18,1
7,5,10,93.17,89.72,1
2,5,20,90.2533333333333,89.68,0.5
5,5,30,91.81,91.08,1
4,5,30,90.18,90.18,1
4,5,10,91.2833333333333,90.18,0.5
2,5,10,92.27,89.68,0.5
7,5,10,91.99,89.72,1
0,5,40,93.28,90.2,1
1,5,60,94.55,88.65,1
3,5,30,89.94,89.9,1
5,5,40,92.63,91.08,1
9,5,50,92.85,89.91,1
3,5,20,91.07,89.9,1
6,5,50,95.08,90.42,1
4,5,20,91.6666666666667,90.18,0.5
6,5,80,93.87,90.42,1
4,5,10,91.3366666666667,90.18,0.5
3,5,50,93.6,89.9,1
7,5,80,93.51,89.72,1
1,5,10,88.96,88.65,1
8,5,40,90.26,90.26,1
6,5,80,93.17,90.42,1
4,5,10,91.91,90.18,1
6,5,50,94.82,90.42,1
8,5,50,91.06,90.26,1
2,5,10,93.0733333333333,89.68,0.5
3,5,80,92.99,89.9,1
4,5,10,90.19,90.18,0.5
8,5,50,91.53,90.26,1
4,5,40,92.74,90.18,1
8,5,60,90.9,90.26,1
8,5,20,90.29,90.26,1
2,5,10,92.77,89.68,1
3,5,40,93.61,89.9,1
3,5,20,90.9,89.9,1
2,5,10,92.8466666666667,89.68,0.5
3,5,30,90.1733333333333,89.9,0.5
7,5,30,90.38,89.72,1
4,5,30,92.45,90.18,1
3,5,10,91.86,89.9,1
2,5,50,94.87,89.68,1
2,5,20,90.02,89.68,0.5
4,5,20,90.61,90.18,1
3,5,30,92.49,89.9,0.5
2,5,10,92.5766666666667,89.68,0.5
7,5,30,89.82,89.72,0.5
3,5,30,90.17,89.9,0.5
7,5,20,90.99,89.72,1
2,5,30,93.7333333333333,89.68,0.5
4,5,20,91.28,90.18,1
3,5,80,93.08,89.9,1
9,5,50,92.31,89.91,1
4,5,20,92.89,90.18,1
9,5,50,92.48,89.91,1
9,5,30,91.69,89.91,1
5,5,100,92.18,91.08,1
3,5,20,90.23,89.9,1
2,5,10,94.27,89.68,1
2,5,20,90.39,89.68,1
2,5,50,94.25,89.68,1
4,5,20,91.95,90.18,0.5
7,5,20,93.34,89.72,0.5
8,5,20,90.76,90.26,1
3,5,20,91.8766666666667,89.9,0.5
4,5,10,91,90.18,1
3,5,30,93.2,89.9,1
2,5,10,91.72,89.68,1
0,5,40,93.08,90.2,1
4,5,20,92.45,90.18,1
2,5,20,93.1766666666667,89.68,0.5
8,5,60,91.29,90.26,1
3,5,50,91.2633333333333,89.9,0.25
0,5,30,93.12,90.2,1
2,5,20,91.47,89.68,1
4,5,60,92.21,90.18,1
3,5,20,89.91,89.9,1
0,5,60,92.78,90.2,1
3,5,30,92.74,89.9,1
1,5,80,94,88.65,1
1,5,40,93.68,88.65,1
4,5,40,90.6333333333333,90.18,0.5
3,5,30,90.5533333333333,89.9,0.5
1,5,80,94.42,88.65,1
2,5,10,91.4433333333333,89.68,0.5
2,5,20,93.4433333333333,89.68,0.5
3,5,30,92.2466666666667,89.9,0.5
3,5,20,89.9,89.9,1
2,5,20,93.86,89.68,1
3,5,40,93.56,89.9,1
6,5,60,94.47,90.42,1
6,5,20,94.34,90.42,1
0,5,40,93.48,90.2,1
3,5,80,93.2,89.9,1
9,5,20,90.93,89.91,1
4,5,40,92.97,90.18,1
4,5,30,90.18,90.18,0.5
9,5,40,91.78,89.91,1
2,5,20,90.89,89.68,0.5
7,5,10,94.14,89.72,1
6,5,50,94.54,90.42,1
3,5,20,90.1833333333333,89.9,0.5
8,5,40,91.02,90.26,1
6,5,30,94.46,90.42,1
9,5,40,92.09,89.91,1
4,5,20,93.27,90.18,1
5,5,80,92.29,91.08,1
2,5,20,90.2666666666667,89.68,0.5
3,5,40,93.35,89.9,1
2,5,10,92.5866666666667,89.68,0.5
0,5,40,93.04,90.2,1
6,5,60,94.42,90.42,1
2,5,10,93.0033333333333,89.68,0.5
3,5,30,89.9,89.9,1
7,5,20,94.28,89.72,1
3,5,50,93.72,89.9,1
2,5,20,91.95,89.68,1
1,5,20,89.51,88.65,1
3,5,40,93.72,89.9,1
3,5,30,92.5,89.9,1
4,5,40,92.97,90.18,1
3,5,20,90.06,89.9,1
2,5,10,91.0466666666667,89.68,0.5
5,5,40,92.11,91.08,0.5
9,5,20,90.95,89.91,1
2,5,40,95.24,89.68,1
8,5,20,90.79,90.26,1
2,5,10,90.57,89.68,1
4,5,10,91.81,90.18,1
8,5,50,91.19,90.26,1
6,5,100,92.43,90.42,1
3,5,50,93.51,89.9,1
2,5,20,93.0533333333333,89.68,0.5
1,5,40,92.39,88.65,1
3,5,60,93.84,89.9,1
5,5,20,91.53,91.08,1
1,5,30,90.22,88.65,1
3,5,20,93.37,89.9,1
3,5,40,93.79,89.9,1
1,5,20,89.46,88.65,1
3,5,20,92.33,89.9,1
7,5,20,94.08,89.72,1
2,5,40,94.87,89.68,1
7,5,30,90.62,89.72,1
6,5,40,94.71,90.42,1
4,5,10,90.41,90.18,1
9,5,20,91.09,89.91,1
0,5,60,92.72,90.2,1
0,5,80,91.61,90.2,1
4,5,60,91.62,90.18,1
2,5,10,92.3166666666667,89.68,0.5
5,5,50,92.73,91.08,1
2,5,30,94.52,89.68,1
5,5,30,91.98,91.08,1
7,5,20,91.7566666666667,89.72,0.5
3,5,20,91.4366666666667,89.9,0.5
3,5,20,89.97,89.9,0.5
3,5,20,93.26,89.9,1
0,5,20,92.11,90.2,1
3,5,60,93.83,89.9,1
4,5,80,91.74,90.18,1
0,5,20,91.89,90.2,1
8,5,80,90.77,90.26,1
3,5,20,92.3433333333333,89.9,0.5
9,5,10,90.14,89.91,1
2,5,10,90.57,89.68,1
8,5,10,90.44,90.26,1
7,5,20,91.63,89.72,1
6,5,40,95.05,90.42,1
5,5,60,92.44,91.08,1
4,5,20,90.2733333333333,90.18,0.5
3,5,40,93.66,89.9,1
7,5,10,90.4233333333333,89.72,0.5
0,5,40,90.2,90.2,1
1,5,50,92.88,88.65,1
4,5,10,91.25,90.18,1
4,5,60,92.11,90.18,1
5,5,10,91.25,91.08,1
6,5,50,94.73,90.42,1
6,5,10,92.23,90.42,1
4,5,30,90.84,90.18,1
6,5,40,94.6,90.42,1
5,5,100,92,91.08,1
3,5,30,91.9633333333333,89.9,0.5
3,5,80,93.16,89.9,1
6,5,40,94.83,90.42,1
7,5,30,90.2666666666667,89.72,0.5
5,5,50,92.68,91.08,1
2,5,10,90.1966666666667,89.68,0.5
7,5,60,94.98,89.72,1
9,5,60,92.39,89.91,1
2,5,10,91.52,89.68,1
0,5,60,90.9033333333333,90.2,0.5
1,5,40,91.47,88.65,1
2,5,20,90.89,89.68,1
3,5,60,93.36,89.9,1
4,5,20,90.74,90.18,1
3,5,40,93.5,89.9,1
6,5,40,94.1933333333333,90.42,0.5
3,5,20,89.91,89.9,1
0,5,50,93.39,90.2,1
0,5,30,92.64,90.2,1
2,5,30,90.18,89.68,1
7,5,100,93.4,89.72,1
4,5,20,91.27,90.18,1
7,5,40,95.22,89.72,1
3,5,40,94.17,89.9,1
2,5,80,92.8,89.68,1
3,5,80,93.67,89.9,1
4,5,100,90.59,90.18,1
1,5,20,89.54,88.65,1
7,5,40,95.04,89.72,1
4,5,10,91.1233333333333,90.18,0.5
3,5,20,92.85,89.9,1
3,5,30,93.43,89.9,1
3,5,20,90.25,89.9,1
4,5,20,92.41,90.18,1
4,5,20,90.2833333333333,90.18,0.5
2,5,10,91.39,89.68,1
2,5,20,94.06,89.68,1
7,5,10,90.98,89.72,1
9,5,60,92.3,89.91,1
6,5,60,94.64,90.42,1
6,5,50,94.46,90.42,1
3,5,10,89.9,89.9,1
2,5,10,92.04,89.68,0.5
0,5,100,91.12,90.2,1
3,5,10,91.64,89.9,1
3,5,40,93.3,89.9,1
2,5,10,94.18,89.68,1
7,5,30,94.89,89.72,1
6,5,100,92.89,90.42,1
7,5,40,94.89,89.72,1
3,5,20,92.59,89.9,1
3,5,30,92.81,89.9,1
3,5,10,91.2433333333333,89.9,0.5
3,5,60,91.23,89.9,1
8,5,30,91.1,90.26,1
2,5,30,94.59,89.68,1
7,5,20,94.5,89.72,1
3,5,40,93.43,89.9,1
4,5,40,92.93,90.18,1
3,5,40,93.43,89.9,1
4,5,20,90.35,90.18,1
2,5,100,92.14,89.68,1
3,5,20,92.57,89.9,1
2,5,50,94.68,89.68,1
3,5,60,93.32,89.9,1
7,5,80,93.9,89.72,1
3,5,20,93.28,89.9,1
7,5,20,91.16,89.72,0.5
2,5,20,91.39,89.68,1
7,5,40,94.97,89.72,1
3,5,20,90.27,89.9,1
7,5,30,93.43,89.72,0.5
0,5,30,92.71,90.2,1
3,5,20,91.0666666666667,89.9,0.5
7,5,40,95.14,89.72,1
8,5,20,90.39,90.26,1
3,5,50,93.86,89.9,1
7,5,30,91.8033333333333,89.72,0.5
7,5,10,93.3,89.72,1
7,5,60,94.44,89.72,1
7,5,30,94.72,89.72,1
7,5,10,93.61,89.72,1
3,5,40,93.47,89.9,1
2,5,20,90.24,89.68,1
5,5,20,91.4,91.08,1
3,5,10,90.82,89.9,0.5
0,5,100,91.43,90.2,1
3,5,40,93.61,89.9,1
3,5,50,93.36,89.9,1
8,5,10,90.26,90.26,1
7,5,20,90.2733333333333,89.72,0.5
1,5,20,90.74,88.65,1
2,5,10,93.1,89.68,0.5
0,5,50,92.88,90.2,1
3,5,20,92.43,89.9,1
2,5,10,90.4766666666667,89.68,0.5
2,5,10,91.7966666666667,89.68,0.5
0,5,80,91.87,90.2,1
7,5,30,94.79,89.72,1
8,5,50,90.91,90.26,1
6,5,100,92.17,90.42,1
7,5,10,92.68,89.72,1
7,5,30,90.23,89.72,1
8,5,50,91.21,90.26,1
6,5,30,94.28,90.42,1
2,5,30,95.15,89.68,1
4,5,20,91.3966666666667,90.18,0.5
3,5,50,93.94,89.9,1
2,5,20,93.2233333333333,89.68,0.5
3,5,20,92.62,89.9,1
0,5,100,91.33,90.2,1
2,5,30,93.79,89.68,0.5
3,5,30,93.7,89.9,1
7,5,10,91.04,89.72,1
0,5,10,90.81,90.2,1
2,5,10,92.66,89.68,0.5
1,5,40,92.65,88.65,1
3,5,30,93.89,89.9,1
3,5,20,90.0366666666667,89.9,0.5
0,5,10,91.28,90.2,1
4,5,20,92.59,90.18,1
9,5,30,91.2,89.91,1
0,5,60,92.12,90.2,1
7,5,20,90.53,89.72,1
2,5,10,91.2566666666667,89.68,0.5
5,5,30,92.12,91.08,1
3,5,10,90.3566666666667,89.9,0.5
3,5,20,91.19,89.9,1
3,5,60,93.13,89.9,1
3,5,30,93.1,89.9,1
8,5,20,91.09,90.26,1
7,5,50,95.57,89.72,1
7,5,30,94.2,89.72,1
5,5,100,91.61,91.08,1
2,5,20,92.83,89.68,1
3,5,10,90.15,89.9,1
2,5,20,90.0733333333333,89.68,0.5
3,5,30,92.3666666666667,89.9,0.5
2,5,10,90.8133333333333,89.68,0.5
0,5,30,93.28,90.2,1
4,5,80,91.01,90.18,1
3,5,40,93.21,89.9,1
2,5,40,94.98,89.68,1
3,5,40,93.46,89.9,1
4,5,50,91.83,90.18,1
7,5,10,91.6766666666667,89.72,0.5
7,5,40,93.4266666666667,89.72,0.75
0,5,100,91.21,90.2,1
3,5,10,90.07,89.9,0.5
0,5,80,91.67,90.2,1
7,5,20,90.31,89.72,1
3,5,20,91.49,89.9,0.5
3,5,50,93.66,89.9,1
7,5,20,95.23,89.72,1
0,5,40,93.46,90.2,1
8,5,60,91.27,90.26,1
2,5,30,90.24,89.68,1
5,5,20,91.95,91.08,1
3,5,30,92.4966666666667,89.9,0.5
3,5,30,90.18,89.9,0.5
0,5,100,91.21,90.2,1
1,5,10,88.8,88.65,1
6,5,40,94.57,90.42,1
5,5,50,92.41,91.08,1
2,5,30,91.2166666666667,89.68,0.5
7,5,20,94.19,89.72,1
6,5,80,94.15,90.42,1
8,5,40,91.44,90.26,1
7,5,30,91.98,89.72,1
2,5,20,90.3,89.68,0.5
7,5,10,93.3,89.72,1
4,5,30,92.67,90.18,1
6,5,40,94.67,90.42,1
2,5,30,94.0966666666667,89.68,0.5
0,5,40,93.29,90.2,1
8,5,50,91.02,90.26,1
2,5,20,94.82,89.68,1
3,5,20,90.24,89.9,1
4,5,40,93.33,90.18,1
2,5,10,90.6866666666667,89.68,0.5
4,5,100,90.57,90.18,1
0,5,40,93.18,90.2,1
0,5,40,93.62,90.2,1
7,5,40,95.9,89.72,1
4,5,30,93.05,90.18,1
3,5,10,92.01,89.9,1
7,5,20,92.6766666666667,89.72,0.5
6,5,20,94.22,90.42,1
2,5,30,93.75,89.68,1
7,5,80,94.33,89.72,1
6,5,40,95.37,90.42,1
3,5,30,89.96,89.9,1
2,5,10,90.85,89.68,1
5,5,40,92.58,91.08,1
7,5,20,93.1533333333333,89.72,0.5
3,5,40,93.51,89.9,1
2,5,60,93.86,89.68,1
2,5,100,91.75,89.68,1
5,5,20,91.86,91.08,1
4,5,30,91.6966666666667,90.18,0.5
0,5,10,91.7,90.2,1
7,5,40,94.87,89.72,1
2,5,10,91.04,89.68,1
3,5,20,90.4633333333333,89.9,0.5
7,5,10,93.44,89.72,1
3,5,50,93.59,89.9,1
3,5,20,90.9366666666667,89.9,0.5
7,5,10,89.94,89.72,0.5
4,5,20,93.19,90.18,1
2,5,60,94.69,89.68,1
2,5,20,91.32,89.68,1
8,5,40,91.17,90.26,1
2,5,30,94.44,89.68,1
8,5,10,90.32,90.26,1
2,5,30,94.96,89.68,1
4,5,10,90.3866666666667,90.18,0.5
7,5,30,90.47,89.72,1
2,5,20,92.2566666666667,89.68,0.5
3,5,10,92.39,89.9,1
2,5,40,94.14,89.68,1
3,5,30,90.27,89.9,1
3,5,50,93.54,89.9,1
3,5,20,91.6633333333333,89.9,0.5
3,5,20,90.07,89.9,1
5,5,30,91.98,91.08,1
2,5,30,94.71,89.68,1
7,5,40,94.92,89.72,1
2,5,10,90.85,89.68,1
0,5,20,92.03,90.2,1
8,5,40,90.84,90.26,1
6,5,80,93.7,90.42,1
1,5,50,94.3,88.65,1
2,5,30,92.7266666666667,89.68,0.5
9,5,40,92.48,89.91,1
2,5,20,92.57,89.68,1
2,5,10,93.83,89.68,1
3,5,10,90.37,89.9,1
3,5,30,89.99,89.9,1
8,5,30,90.79,90.26,1
2,5,20,95,89.68,1
2,5,10,91.7533333333333,89.68,0.5
2,5,40,94.66,89.68,1
7,5,30,93.7766666666667,89.72,0.5
1,5,40,92.51,88.65,1
0,5,10,91.5,90.2,1
9,5,100,91.71,89.91,1
3,5,20,93.26,89.9,1
2,5,20,92.85,89.68,0.5
1,5,20,89.18,88.65,1
5,5,50,92.33,91.08,1
2,5,20,92.54,89.68,1
2,5,20,92.8533333333333,89.68,0.5
1,5,10,88.81,88.65,1
5,5,100,91.81,91.08,1
5,5,10,91.1,91.08,1
0,5,10,91.29,90.2,1
1,5,20,89.84,88.65,1
4,5,10,92.79,90.18,1
3,5,20,92.36,89.9,1
3,5,20,90.26,89.9,1
0,5,30,92.72,90.2,1
2,5,10,91.89,89.68,1
2,5,30,93.2133333333333,89.68,0.5
4,5,20,90.25,90.18,1
3,5,20,93.18,89.9,1
7,5,30,94.04,89.72,1
2,5,10,93.96,89.68,1
5,5,40,92.49,91.08,1
2,5,20,92.5466666666667,89.68,0.5
2,5,10,91.0466666666667,89.68,0.5
1,5,30,90.12,88.65,1
2,5,40,94.92,89.68,1
4,5,20,92.88,90.18,1
8,5,40,91.13,90.26,1
2,5,20,93.4866666666667,89.68,0.5
1,5,50,94.46,88.65,1
6,5,100,92.4,90.42,1
2,5,20,93.22,89.68,0.5
8,5,10,90.28,90.26,1
2,5,80,93.63,89.68,1
2,5,30,94.1466666666667,89.68,0.5
4,5,30,90.28,90.18,0.5
4,5,60,91.44,90.18,1
7,5,20,94.75,89.72,1
8,5,40,90.96,90.26,1
2,5,30,91.96,89.68,0.5
2,5,20,93.5133333333333,89.68,0.5
2,5,80,92.94,89.68,1
7,5,30,93.5033333333333,89.72,0.5
9,5,30,90.99,89.91,1
2,5,30,89.77,89.68,1
1,5,80,94.13,88.65,1
5,5,50,92.34,91.08,1
2,5,30,94.32,89.68,1
3,5,20,90.17,89.9,1
5,5,50,91.0966666666667,91.08,0.5
3,5,10,91.46,89.9,1
0,5,80,91.71,90.2,1
1,5,10,88.78,88.65,1
6,5,100,92.79,90.42,1
2,5,20,91.55,89.68,0.5
2,5,30,90.2866666666667,89.68,0.5
4,5,10,91.04,90.18,1
2,5,10,90.83,89.68,1
4,5,30,93.06,90.18,1
3,5,20,92.12,89.9,1
6,5,80,93.9,90.42,1
8,5,40,91.18,90.26,1
7,5,40,95.06,89.72,1
2,5,10,93.97,89.68,1
5,5,60,92.61,91.08,1
7,5,80,93.68,89.72,1
7,5,20,91.86,89.72,1
5,5,30,92.55,91.08,1
7,5,20,90.94,89.72,0.5
4,5,100,91.1,90.18,1
2,5,30,95.16,89.68,1
6,5,40,95.39,90.42,1
4,5,20,92.97,90.18,1
7,5,30,95.05,89.72,1
2,5,50,94.7,89.68,1
2,5,20,90.0366666666667,89.68,0.5
2,5,30,94.74,89.68,1
3,5,20,91.17,89.9,0.5
2,5,80,92.56,89.68,1
2,5,20,94.83,89.68,1
3,5,40,93.24,89.9,1
4,5,20,93.18,90.18,1
3,5,30,92.81,89.9,0.5
7,5,20,94.26,89.72,1
4,5,60,90.2833333333333,90.18,0.75
2,5,20,92.74,89.68,1
1,5,20,89.63,88.65,1
2,5,50,94.68,89.68,1
3,5,20,91.78,89.9,1
9,5,30,91.39,89.91,1
4,5,40,92.73,90.18,1
3,5,10,89.99,89.9,1
8,5,20,90.87,90.26,1
4,5,20,91.8766666666667,90.18,0.5
4,5,20,90.43,90.18,1
4,5,10,90.64,90.18,1
1,5,40,91.92,88.65,1
3,5,30,93.22,89.9,1
6,5,30,93.88,90.42,1
3,5,40,93.58,89.9,1
2,5,40,95.09,89.68,1
3,5,50,93.68,89.9,1
2,5,20,91.36,89.68,1
5,5,40,92.66,91.08,1
7,5,40,95.12,89.72,1
9,5,100,91.44,89.91,1
5,5,50,92.43,91.08,1
1,5,40,92.34,88.65,1
7,5,40,95.34,89.72,1
0,5,40,93.6,90.2,1
7,5,20,94.29,89.72,1
2,5,20,92.12,89.68,1
3,5,40,93.48,89.9,1
0,5,40,93.5,90.2,1
0,5,20,91.78,90.2,1
9,5,50,92.15,89.91,1
1,5,50,94.84,88.65,1
9,5,50,93.01,89.91,1
1,5,10,88.85,88.65,1
1,5,80,93.58,88.65,1
7,5,80,91.71,89.72,0.25
3,5,50,93.76,89.9,1
4,5,30,90.2033333333333,90.18,0.5
4,5,20,92.77,90.18,1
3,5,20,91.81,89.9,0.5
4,5,30,92.71,90.18,1
6,5,40,94.58,90.42,1
7,5,30,93.8466666666667,89.72,0.5
3,5,20,90.73,89.9,0.5
2,5,20,93.56,89.68,0.5
8,5,40,90.3066666666667,90.26,0.5
3,5,20,90.21,89.9,1
1,5,50,93.74,88.65,1
3,5,20,93.33,89.9,1
4,5,20,92.21,90.18,1
3,5,50,93.71,89.9,1
4,5,20,90.5533333333333,90.18,0.5
2,5,40,95.12,89.68,1
2,5,30,89.73,89.68,1
4,5,10,92.54,90.18,1
4,5,20,90.7,90.18,1
7,5,50,94.63,89.72,1
3,5,40,93.56,89.9,1
2,5,10,91.03,89.68,1
4,5,10,91.86,90.18,1
9,5,50,92.1,89.91,1
2,5,20,93.79,89.68,1
2,5,50,94.54,89.68,1
9,5,40,92.01,89.91,1
4,5,30,92.47,90.18,1
2,5,10,90.2133333333333,89.68,0.5
4,5,20,91.6433333333333,90.18,0.5
2,5,80,92.44,89.68,1
9,5,50,91.91,89.91,1
9,5,20,90.65,89.91,1
7,5,100,92.71,89.72,1
2,5,20,93.5866666666667,89.68,0.5
2,5,20,94.4,89.68,1
4,5,20,93.41,90.18,1
2,5,30,93.1633333333333,89.68,0.5
6,5,40,94.44,90.42,1
6,5,80,93.87,90.42,1
9,5,40,92.27,89.91,1
8,5,40,91.36,90.26,1
0,5,40,93.18,90.2,1
7,5,30,89.84,89.72,1
2,5,10,91.19,89.68,1
2,5,30,90.26,89.68,1
4,5,30,91.04,90.18,1
8,5,40,91.13,90.26,1
4,5,10,91.03,90.18,1
4,5,80,90.85,90.18,1
7,5,30,94.24,89.72,1
7,5,40,95.3,89.72,1
6,5,20,93.78,90.42,1
2,5,40,94.24,89.68,1
3,5,40,93.9,89.9,1
3,5,20,92.73,89.9,1
2,5,40,94.93,89.68,1
1,5,30,89.99,88.65,1
3,5,20,89.94,89.9,1
6,5,80,93.89,90.42,1
3,5,60,93.53,89.9,1
4,5,20,92.43,90.18,1
9,5,100,91.12,89.91,1
8,5,50,91.1,90.26,1
3,5,40,93.69,89.9,1
7,5,30,92.76,89.72,0.5
8,5,10,90.27,90.26,1
3,5,50,93.43,89.9,1
5,5,80,92.59,91.08,1
2,5,10,91.57,89.68,0.5
3,5,10,91.63,89.9,1
1,5,80,94.84,88.65,1
2,5,10,93.13,89.68,1
5,5,40,92.19,91.08,1
2,5,40,94.36,89.68,1
2,5,30,95.4,89.68,1
2,5,30,94.01,89.68,0.5
1,5,40,91.88,88.65,1
8,5,100,90.71,90.26,1
6,5,80,93.38,90.42,1
3,5,40,93.64,89.9,1
3,5,20,91.6233333333333,89.9,0.5
5,5,40,92.45,91.08,1
1,5,60,94.47,88.65,1
4,5,60,92.24,90.18,1
6,5,10,92.45,90.42,1
0,5,30,93.05,90.2,1
3,5,100,92.6,89.9,1
3,5,40,93.45,89.9,1
4,5,20,90.77,90.18,1
2,5,20,94.37,89.68,1
7,5,10,90.58,89.72,0.5
4,5,30,92.97,90.18,1
3,5,40,93.65,89.9,1
2,5,20,92.2433333333333,89.68,0.5
3,5,30,92.91,89.9,1
4,5,30,90.54,90.18,1
2,5,10,94.42,89.68,1
3,5,30,93.59,89.9,1
5,5,40,92.24,91.08,1
9,5,100,91.53,89.91,1
6,5,40,95.55,90.42,1
4,5,10,92.28,90.18,1
4,5,20,90.34,90.18,1
3,5,10,91.2266666666667,89.9,0.5
4,5,40,92.53,90.18,1
5,5,100,91.69,91.08,1
0,5,50,93.6,90.2,1
3,5,10,89.92,89.9,1
7,5,20,93.73,89.72,1
6,5,30,94,90.42,1
8,5,100,90.51,90.26,1
6,5,40,94.76,90.42,1
9,5,10,90.25,89.91,1
7,5,80,93.87,89.72,1
3,5,20,92.76,89.9,1
9,5,60,92.66,89.91,1
3,5,20,90.32,89.9,1
8,5,20,90.92,90.26,1
1,5,80,93.47,88.65,1
3,5,30,91.34,89.9,1
5,5,30,91.83,91.08,1
9,5,40,91.59,89.91,1
0,5,20,91.9,90.2,1
0,5,20,91.76,90.2,1
4,5,100,90.98,90.18,1
3,5,20,93.12,89.9,1
4,5,30,91.02,90.18,0.5
4,5,20,90.43,90.18,1
2,5,20,94.6,89.68,1
7,5,30,92.86,89.72,0.5
3,5,20,92.61,89.9,1
2,5,100,91.8,89.68,1
5,5,30,91.54,91.08,1
2,5,40,95.49,89.68,1
7,5,30,92.3333333333333,89.72,0.5
4,5,50,92.88,90.18,1
9,5,40,92.02,89.91,1
6,5,40,94.44,90.42,1
4,5,60,92.45,90.18,1
8,5,100,90.58,90.26,1
2,5,80,93.23,89.68,1
6,5,40,94.34,90.42,1
4,5,10,92.81,90.18,1
4,5,20,92.89,90.18,1
4,5,100,90.64,90.18,1
8,5,20,91.01,90.26,1
3,5,40,93.45,89.9,1
7,5,30,92.6633333333333,89.72,0.5
3,5,30,93.53,89.9,1
6,5,40,95.04,90.42,1
4,5,30,92.18,90.18,1
2,5,30,93.31,89.68,0.5
5,5,40,92.34,91.08,1
2,5,40,95.34,89.68,1
2,5,20,90.85,89.68,1
2,5,30,95,89.68,1
6,5,100,92.24,90.42,1
3,5,10,91.4,89.9,0.5
5,5,50,92.77,91.08,1
3,5,20,91.7566666666667,89.9,0.5
4,5,30,91.43,90.18,0.5
3,5,40,93.75,89.9,1
9,5,20,90.6,89.91,1
9,5,50,92.5,89.91,1
7,5,20,91.59,89.72,1
4,5,10,91.3233333333333,90.18,0.5
3,5,20,92.99,89.9,1
2,5,60,94.62,89.68,1
6,5,80,93.8,90.42,1
7,5,20,94.26,89.72,1
2,5,30,94.48,89.68,1
0,5,20,91.51,90.2,1
3,5,20,91.8433333333333,89.9,0.5
2,5,10,92.9933333333333,89.68,0.5
5,5,80,92.65,91.08,1
2,5,60,94.3,89.68,1
4,5,30,90.85,90.18,1
7,5,60,94.35,89.72,1
3,5,30,91.77,89.9,1
9,5,50,92.81,89.91,1
3,5,50,93.96,89.9,1
3,5,20,91.7866666666667,89.9,0.5
4,5,10,91.24,90.18,1
3,5,40,93.4,89.9,1
7,5,20,90.45,89.72,1
4,5,30,90.19,90.18,1
7,5,40,94.73,89.72,1
2,5,20,93.8333333333333,89.68,0.5
3,5,20,91.8033333333333,89.9,0.5
5,5,30,92.55,91.08,1
7,5,40,95.15,89.72,1
2,5,10,94.65,89.68,1
8,5,20,91.02,90.26,1
3,5,20,89.9633333333333,89.9,0.5
2,5,20,91.47,89.68,1
4,5,10,91.48,90.18,1
2,5,20,94.37,89.68,1
3,5,40,93.74,89.9,1
8,5,10,90.26,90.26,1
3,5,30,90.81,89.9,0.5
7,5,10,93.3,89.72,1
7,5,10,92.2333333333333,89.72,0.5
3,5,100,92.86,89.9,1
7,5,60,95.05,89.72,1
5,5,50,92.99,91.08,1
6,5,60,95.04,90.42,1
3,5,30,90.35,89.9,1
7,5,10,91.7,89.72,1
7,5,30,94.34,89.72,1
6,5,100,92.78,90.42,1
2,5,10,93.55,89.68,1
0,5,40,92.83,90.2,1
3,5,40,93.81,89.9,1
5,5,60,93.31,91.08,1
3,5,40,93.77,89.9,1
3,5,20,90.12,89.9,1
8,5,100,90.41,90.26,1
4,5,10,90.6666666666667,90.18,0.5
4,5,10,90.18,90.18,0.5
3,5,40,93.47,89.9,1
2,5,20,93.0233333333333,89.68,0.5
2,5,10,93.79,89.68,1
7,5,40,95.03,89.72,1
9,5,50,92.39,89.91,1
1,5,50,94.41,88.65,1
7,5,20,90.28,89.72,1
8,5,40,90.94,90.26,1
0,5,10,91.37,90.2,1
3,5,50,93.7,89.9,1
7,5,20,90.95,89.72,1
5,5,60,92.65,91.08,1
2,5,100,91.26,89.68,1
0,5,40,91.2733333333333,90.2,0.25
6,5,100,93.42,90.42,1
1,5,10,88.98,88.65,1
3,5,50,93.52,89.9,1
5,5,20,91.64,91.08,1
5,5,10,91.26,91.08,1
0,5,10,91.5,90.2,1
2,5,10,92.7933333333333,89.68,0.5
3,5,40,94,89.9,1
2,5,30,94.36,89.68,1
2,5,30,94.48,89.68,1
2,5,10,93.76,89.68,1
1,5,80,94.33,88.65,1
6,5,40,95.01,90.42,1
4,5,60,91.57,90.18,1
9,5,40,91.88,89.91,1
2,5,100,89.88,89.68,0.5
2,5,20,93.4433333333333,89.68,0.5
7,5,40,95.07,89.72,1
2,5,10,90.83,89.68,1
3,5,30,89.97,89.9,1
4,5,10,92.83,90.18,1
8,5,30,91.1,90.26,1
6,5,60,94.62,90.42,1
3,5,30,93.29,89.9,1
2,5,80,93.36,89.68,1
2,5,40,94.53,89.68,1
7,5,30,91.53,89.72,1
3,5,20,90.02,89.9,1
3,5,20,91.2533333333333,89.9,0.5
2,5,10,91.72,89.68,1
9,5,100,91.61,89.91,1
7,5,20,92.34,89.72,1
7,5,20,93.4966666666667,89.72,0.5
2,5,20,93.6866666666667,89.68,0.5
6,5,10,92.25,90.42,1
3,5,10,90.58,89.9,1
3,5,20,93.57,89.9,1
6,5,80,94.29,90.42,1
8,5,80,90.58,90.26,1
7,5,20,92.0633333333333,89.72,0.5
9,5,40,91.96,89.91,1
2,5,50,94.87,89.68,1
3,5,20,91.8766666666667,89.9,0.5
7,5,30,93.3,89.72,0.5
8,5,20,90.75,90.26,1
4,5,20,92.7,90.18,1
4,5,10,90.8,90.18,1
4,5,20,91.4,90.18,1
7,5,60,95.15,89.72,1
3,5,10,91.06,89.9,0.5
8,5,50,91.27,90.26,1
3,5,30,89.91,89.9,1
2,5,20,91.6,89.68,1
4,5,80,91.08,90.18,1
2,5,10,90.99,89.68,1
5,5,20,91.97,91.08,1
8,5,80,90.31,90.26,0.75
3,5,60,93.87,89.9,1
2,5,20,95.03,89.68,1
7,5,30,92.84,89.72,0.5
4,5,100,90.69,90.18,1
3,5,10,89.93,89.9,1
2,5,20,94.99,89.68,1
8,5,100,90.75,90.26,1
2,5,40,94.31,89.68,1
4,5,20,90.7833333333333,90.18,0.5
5,5,40,92.43,91.08,1
4,5,30,92.6,90.18,1
3,5,30,93.31,89.9,1
0,5,10,91.92,90.2,1
8,5,10,90.4,90.26,1
4,5,20,93.02,90.18,1
7,5,20,94.76,89.72,1
7,5,20,91.71,89.72,1
7,5,10,91.04,89.72,1
3,5,20,90.09,89.9,1
7,5,10,89.9866666666667,89.72,0.5
2,5,100,91.67,89.68,1
5,5,10,91.18,91.08,1
3,5,20,90.1,89.9,1
2,5,20,94.73,89.68,1
4,5,10,90.4,90.18,1
6,5,40,95.33,90.42,1
6,5,20,93.82,90.42,1
3,5,80,93.13,89.9,1
4,5,30,93.25,90.18,1
7,5,20,94.59,89.72,1
0,5,40,93.4,90.2,1
7,5,40,94.94,89.72,1
3,5,100,92.67,89.9,1
2,5,30,91.6866666666667,89.68,0.5
9,5,20,90.82,89.91,1
0,5,10,91.93,90.2,1
7,5,40,95.18,89.72,1
1,5,30,90.6,88.65,1
3,5,50,93.58,89.9,1
0,5,20,92.35,90.2,1
2,5,30,94.5,89.68,1
3,5,80,93.07,89.9,1
5,5,10,91.25,91.08,1
2,5,10,93.39,89.68,1
6,5,20,93.55,90.42,1
1,5,60,93.54,88.65,1
1,5,50,93.33,88.65,1
2,5,100,92.32,89.68,1
3,5,50,93.95,89.9,1
8,5,20,90.88,90.26,1
6,5,50,94.98,90.42,1
5,5,80,92.15,91.08,1
3,5,10,89.9066666666667,89.9,0.5
0,5,10,91.17,90.2,1
2,5,20,94.13,89.68,1
2,5,10,92.11,89.68,1
1,5,50,93.53,88.65,1
5,5,60,92.7,91.08,1
9,5,50,92.07,89.91,1
1,5,40,92.01,88.65,1
1,5,30,90.48,88.65,1
5,5,40,92.19,91.08,1
6,5,10,91.92,90.42,1
2,5,60,94.2,89.68,1
7,5,50,94.8,89.72,1
7,5,10,93.01,89.72,1
2,5,20,91,89.68,0.5
4,5,50,92.01,90.18,1
2,5,10,90.98,89.68,1
8,5,60,91.05,90.26,1
1,5,30,91.53,88.65,1
3,5,50,93.88,89.9,1
4,5,40,92.44,90.18,1
2,5,30,95.25,89.68,1
9,5,10,90.55,89.91,1
5,5,60,92.36,91.08,1
1,5,100,92.42,88.65,1
6,5,30,94.3,90.42,1
6,5,30,94.26,90.42,1
2,5,20,93.7,89.68,1
3,5,40,93.61,89.9,1
5,5,40,92.32,91.08,1
6,5,100,92.52,90.42,1
6,5,50,94.41,90.42,1
3,5,30,89.91,89.9,0.5
2,5,20,91.4466666666667,89.68,0.5
7,5,40,95.28,89.72,1
2,5,100,91.48,89.68,1
9,5,100,91.36,89.91,1
2,5,10,93.79,89.68,1
7,5,10,92.01,89.72,0.5
7,5,80,93.84,89.72,1
7,5,30,93.9233333333333,89.72,0.5
7,5,30,92.98,89.72,1
7,5,40,95.37,89.72,1
3,5,40,93.81,89.9,1
1,5,10,89.37,88.65,1
3,5,40,93.95,89.9,1
3,5,20,92.29,89.9,1
3,5,20,89.9,89.9,0.5
1,5,20,89.56,88.65,1
0,5,60,92.53,90.2,1
7,5,60,94.83,89.72,1
2,5,10,92.55,89.68,0.5
8,5,30,90.94,90.26,1
5,5,80,92.22,91.08,1
3,5,30,91.41,89.9,0.5
6,5,40,90.43,90.42,1
3,5,50,93.77,89.9,1
3,5,30,93.24,89.9,1
4,5,80,91.45,90.18,1
1,5,40,92.16,88.65,1
3,5,50,93.59,89.9,1
8,5,20,90.73,90.26,1
7,5,20,91.6,89.72,1
2,5,40,94.87,89.68,1
3,5,20,93.11,89.9,1
7,5,40,95.35,89.72,1
1,5,80,94,88.65,1
7,5,30,93.6,89.72,0.5
7,5,30,89.85,89.72,1
1,5,20,89.06,88.65,1
4,5,20,91.0733333333333,90.18,0.5
1,5,40,93.17,88.65,1
2,5,30,94.07,89.68,1
3,5,20,92.66,89.9,1
5,5,40,92.35,91.08,1
2,5,80,92.78,89.68,1
3,5,40,93.73,89.9,1
5,5,40,92.81,91.08,1
5,5,30,91.81,91.08,1
9,5,80,91.71,89.91,1
4,5,40,92.25,90.18,1
8,5,50,91.05,90.26,1
4,5,20,91.7366666666667,90.18,0.5
6,5,30,94.13,90.42,1
2,5,40,95.24,89.68,1
7,5,30,93.6933333333333,89.72,0.5
2,5,10,93.7,89.68,1
0,5,10,91.09,90.2,1
7,5,30,92.0666666666667,89.72,0.5
3,5,10,89.93,89.9,0.5
0,5,10,90.94,90.2,1
8,5,40,90.73,90.26,1
4,5,60,91.45,90.18,1
7,5,100,92.98,89.72,1
0,5,10,92,90.2,1
1,5,80,93.64,88.65,1
6,5,50,95.55,90.42,1
7,5,80,93.91,89.72,1
5,5,30,91.8,91.08,1
4,5,40,92.9,90.18,1
7,5,20,93.31,89.72,1
0,5,20,91.69,90.2,1
7,5,10,93.32,89.72,1
6,5,40,95.24,90.42,1
2,5,20,91.5,89.68,1
7,5,20,89.8966666666667,89.72,0.5
5,5,30,92.4,91.08,1
4,5,10,90.1833333333333,90.18,0.5
0,5,60,92.24,90.2,1
2,5,30,93.98,89.68,1
3,5,40,93.79,89.9,1
9,5,40,92.11,89.91,1
4,5,10,91.17,90.18,1
1,5,40,92.12,88.65,1
8,5,80,90.67,90.26,1
0,5,100,91.48,90.2,1
1,5,10,88.76,88.65,1
4,5,80,91.44,90.18,1
3,5,20,92.51,89.9,1
6,5,10,92.8,90.42,1
2,5,20,93.5233333333333,89.68,0.5
7,5,60,94.56,89.72,1
2,5,50,94.31,89.68,1
5,5,30,91.79,91.08,1
6,5,30,94.51,90.42,1
3,5,40,93.53,89.9,1
4,5,30,92.34,90.18,1
8,5,40,91.1,90.26,1
3,5,10,90.01,89.9,1
6,5,50,94.48,90.42,1
8,5,40,91.06,90.26,1
4,5,20,91.7233333333333,90.18,0.5
4,5,30,91.8766666666667,90.18,0.5
4,5,10,92.19,90.18,1
2,5,30,90.5933333333333,89.68,0.5
7,5,10,92.5666666666667,89.72,0.5
0,5,30,92.62,90.2,1
9,5,50,91.93,89.91,1
7,5,30,94.0433333333333,89.72,0.5
4,5,10,90.1866666666667,90.18,0.5
7,5,40,95.06,89.72,1
7,5,30,89.98,89.72,0.5
7,5,20,91.15,89.72,1
8,5,30,91.16,90.26,1
0,5,80,91.76,90.2,1
9,5,50,92.44,89.91,1
1,5,10,88.79,88.65,1
3,5,40,93.55,89.9,1
2,5,10,92.51,89.68,0.5
2,5,20,94.35,89.68,1
9,5,60,92.74,89.91,1
3,5,80,93.08,89.9,1
3,5,20,92.1733333333333,89.9,0.5
2,5,80,92.47,89.68,1
6,5,40,95.07,90.42,1
3,5,20,91.88,89.9,0.5
0,5,40,92.69,90.2,1
9,5,50,92.56,89.91,1
2,5,30,94.51,89.68,1
3,5,20,91.73,89.9,1
6,5,100,92.17,90.42,1
3,5,30,93.43,89.9,1
3,5,40,93.51,89.9,1
0,5,20,92.21,90.2,1
6,5,20,93.37,90.42,1
9,5,60,92.5,89.91,1
8,5,80,91.03,90.26,1
3,5,30,92.44,89.9,0.5
7,5,30,90.3,89.72,0.5
2,5,20,90.3266666666667,89.68,0.5
4,5,10,91.65,90.18,1
4,5,20,90.2433333333333,90.18,0.5
2,5,10,92.9233333333333,89.68,0.5
5,5,40,93.06,91.08,1
7,5,10,93.31,89.72,1
2,5,30,95.15,89.68,1
2,5,60,93.96,89.68,1
2,5,40,94.75,89.68,1
3,5,30,90.15,89.9,0.5
2,5,40,94.59,89.68,1
5,5,20,91.53,91.08,1
2,5,10,92.4866666666667,89.68,0.5
3,5,20,90.83,89.9,1
2,5,20,93.32,89.68,1
5,5,40,92.68,91.08,1
2,5,10,93.1,89.68,1
0,5,50,93.07,90.2,1
7,5,40,95.07,89.72,1
7,5,20,92.07,89.72,1
6,5,20,94.17,90.42,1
4,5,30,90.25,90.18,1
4,5,10,91.56,90.18,0.5
3,5,50,93.6,89.9,1
4,5,30,90.19,90.18,0.5
4,5,20,91.99,90.18,1
2,5,30,90.46,89.68,1
7,5,40,94.71,89.72,1
4,5,20,92.74,90.18,1
4,5,30,92.55,90.18,1
8,5,100,90.6,90.26,1
2,5,20,94.49,89.68,1
3,5,40,93.76,89.9,1
9,5,20,91.08,89.91,1
3,5,20,90.06,89.9,1
7,5,30,94.91,89.72,1
2,5,20,93.8333333333333,89.68,0.5
3,5,20,92.4,89.9,1
4,5,20,91.68,90.18,0.5
1,5,20,89.63,88.65,1
7,5,10,91.9733333333333,89.72,0.5
1,5,20,89.26,88.65,1
2,5,20,90.8966666666667,89.68,0.5
3,5,30,92.73,89.9,1
7,5,40,94.91,89.72,1
2,5,30,94.53,89.68,1
9,5,80,92.13,89.91,1
3,5,80,93.1,89.9,1
5,5,80,92.47,91.08,1
1,5,60,93.85,88.65,1
3,5,20,90.8033333333333,89.9,0.5
7,5,30,93.7666666666667,89.72,0.5
7,5,60,95.05,89.72,1
3,5,50,93.66,89.9,1
3,5,50,94.01,89.9,1
6,5,100,93.1,90.42,1
2,5,30,93.9366666666667,89.68,0.5
4,5,20,93.39,90.18,1
3,5,10,91.8,89.9,1
6,5,80,93.36,90.42,1
3,5,20,92.58,89.9,1
3,5,20,90.93,89.9,1
4,5,30,90.24,90.18,1
6,5,20,94.33,90.42,1
5,5,40,92.13,91.08,1
3,5,20,90.27,89.9,1
0,5,50,93.27,90.2,1
4,5,30,93.22,90.18,1
8,5,10,90.45,90.26,1
4,5,20,90.22,90.18,1
4,5,20,90.4833333333333,90.18,0.5
1,5,50,93.81,88.65,1
3,5,30,92.19,89.9,0.5
2,5,20,92.9166666666667,89.68,0.5
3,5,20,90.12,89.9,0.5
2,5,10,94.11,89.68,1
8,5,20,90.65,90.26,1
8,5,50,91.14,90.26,1
3,5,80,93.06,89.9,1
3,5,30,90.82,89.9,1
5,5,40,92.34,91.08,1
4,5,20,90.21,90.18,1
8,5,10,90.3,90.26,1
8,5,60,90.82,90.26,1
4,5,30,91.7766666666667,90.18,0.5
4,5,50,92.78,90.18,1
3,5,50,93.82,89.9,1
0,5,100,91.28,90.2,1
9,5,40,92.14,89.91,1
1,5,50,93.84,88.65,1
9,5,30,91.48,89.91,1
7,5,20,90.17,89.72,1
9,5,10,90.19,89.91,1
3,5,20,92.34,89.9,1
0,5,80,91.61,90.2,1
4,5,100,90.62,90.18,1
9,5,50,92.51,89.91,1
2,5,30,94.1,89.68,0.5
0,5,30,93.07,90.2,1
0,5,20,91.95,90.2,1
3,5,50,93.71,89.9,1
3,5,10,92.1,89.9,1
4,5,80,90.98,90.18,1
3,5,40,93.65,89.9,1
9,5,20,91.17,89.91,1
7,5,30,94.97,89.72,1
2,5,30,94.89,89.68,1
8,5,100,90.74,90.26,1
1,5,60,94.37,88.65,1
2,5,30,90.59,89.68,1
8,5,40,91.23,90.26,1
4,5,30,91.12,90.18,0.5
4,5,30,90.2733333333333,90.18,0.5
1,5,100,93.03,88.65,1
2,5,10,92.2433333333333,89.68,0.5
2,5,20,93.6866666666667,89.68,0.5
7,5,10,93.89,89.72,1
2,5,10,92.5566666666667,89.68,0.5
4,5,30,90.18,90.18,1
0,5,20,91.16,90.2,1
4,5,100,90.65,90.18,1
4,5,50,91.89,90.18,1
2,5,10,93.51,89.68,1
7,5,100,92.92,89.72,1
0,5,10,91.14,90.2,1
3,5,30,93.39,89.9,1
3,5,20,92.58,89.9,1
2,5,10,94.39,89.68,1
6,5,60,94.7,90.42,1
1,5,60,94.39,88.65,1
5,5,40,92.91,91.08,1
2,5,20,90.93,89.68,1
1,5,20,90.39,88.65,1
5,5,80,92.21,91.08,1
3,5,20,89.94,89.9,1
7,5,30,93.95,89.72,0.5
7,5,10,90.72,89.72,1
3,5,20,89.93,89.9,1
2,5,20,95.09,89.68,1
7,5,10,91.95,89.72,1
1,5,60,94.07,88.65,1
4,5,40,92.76,90.18,1
0,5,60,92.43,90.2,1
3,5,30,93.23,89.9,1
5,5,50,92.34,91.08,1
9,5,40,92.19,89.91,1
5,5,50,92.73,91.08,1
9,5,100,91.34,89.91,1
0,5,60,93.01,90.2,1
1,5,20,89.68,88.65,1
7,5,80,94.58,89.72,1
1,5,80,94.21,88.65,1
3,5,30,90.57,89.9,1
3,5,20,92.3066666666667,89.9,0.5
3,5,20,91.2733333333333,89.9,0.5
4,5,100,90.52,90.18,1
2,5,10,91.4766666666667,89.68,0.5
7,5,30,94.35,89.72,1
2,5,10,93.59,89.68,1
6,5,50,94.58,90.42,1
5,5,50,92.79,91.08,1
5,5,100,91.75,91.08,1
3,5,10,92.26,89.9,1
0,5,100,91.51,90.2,1
4,5,20,92.29,90.18,1
2,5,20,92.4933333333333,89.68,0.5
3,5,30,89.91,89.9,1
4,5,20,93.5,90.18,1
0,5,20,90.94,90.2,1
6,5,30,94.91,90.42,1
2,5,20,91.5133333333333,89.68,0.5
5,5,40,92.4,91.08,1
1,5,30,91.25,88.65,1
5,5,30,92,91.08,1
4,5,20,92.99,90.18,1
7,5,100,92.64,89.72,1
6,5,10,92.52,90.42,1
9,5,20,90.67,89.91,1
3,5,30,93.04,89.9,1
3,5,20,90.2,89.9,1
4,5,10,91.68,90.18,0.5
6,5,40,94.78,90.42,1
9,5,40,92.34,89.91,1
2,5,50,95.13,89.68,1
8,5,20,91.21,90.26,1
1,5,50,94.01,88.65,1
1,5,60,94.81,88.65,1
1,5,30,90.35,88.65,1
2,5,10,92.83,89.68,1
3,5,80,93.33,89.9,1
2,5,10,90.05,89.68,1
4,5,100,90.71,90.18,1
7,5,40,95.29,89.72,1
4,5,10,91.0566666666667,90.18,0.5
3,5,10,89.97,89.9,0.5
9,5,40,91.96,89.91,1
6,5,40,94.56,90.42,1
5,5,80,92.75,91.08,1
2,5,20,93.16,89.68,0.5
3,5,30,93.11,89.9,1
2,5,30,94.4,89.68,1
2,5,20,94.28,89.68,1
3,5,40,94.26,89.9,1
3,5,100,92.75,89.9,1
3,5,10,91.71,89.9,1
3,5,50,93.42,89.9,1
6,5,100,92.02,90.42,1
3,5,20,89.93,89.9,0.5
3,5,40,93.47,89.9,1
7,5,40,95.3,89.72,1
9,5,50,92.5,89.91,1
8,5,60,90.99,90.26,1
2,5,10,91.95,89.68,1
8,5,100,90.7,90.26,1
7,5,30,89.74,89.72,1
6,5,60,95.16,90.42,1
7,5,40,94.98,89.72,1
3,5,50,93.49,89.9,1
3,5,40,93.83,89.9,1
3,5,60,93.43,89.9,1
5,5,20,91.87,91.08,1
9,5,10,90.54,89.91,1
6,5,50,94.82,90.42,1
9,5,20,91,89.91,1
4,5,20,92.9,90.18,1
2,5,10,90.91,89.68,1
4,5,10,92.57,90.18,1
9,5,30,91.52,89.91,1
0,5,80,92.06,90.2,1
4,5,30,92.8,90.18,1
8,5,40,91,90.26,1
3,5,40,93.75,89.9,1
7,5,40,95.48,89.72,1
2,5,10,91.0766666666667,89.68,0.5
3,5,20,90.24,89.9,1
3,5,20,92.17,89.9,1
0,5,60,92.01,90.2,1
4,5,50,92.79,90.18,1
9,5,40,92.52,89.91,1
2,5,10,91.3566666666667,89.68,0.5
0,5,50,92.05,90.2,1
3,5,40,93.8,89.9,1
4,5,30,91.0033333333333,90.18,0.5
6,5,80,94,90.42,1
9,5,20,90.55,89.91,1
7,5,20,95.08,89.72,1
8,5,80,91.06,90.26,1
5,5,30,91.43,91.08,1
4,5,30,92.73,90.18,1
7,5,100,92.67,89.72,1
2,5,30,90.52,89.68,0.5
3,5,20,92.89,89.9,1
2,5,30,94.99,89.68,1
3,5,30,89.98,89.9,1
3,5,20,92.4,89.9,1
1,5,40,91.65,88.65,1
2,5,30,89.68,89.68,1
2,5,20,93.7933333333333,89.68,0.5
1,5,20,89.26,88.65,1
3,5,30,92.84,89.9,1
2,5,20,94.8,89.68,1
4,5,30,90.8866666666667,90.18,0.75
7,5,20,91.0466666666667,89.72,0.5
7,5,20,89.84,89.72,1
2,5,40,95.05,89.68,1
7,5,30,90.77,89.72,0.5
8,5,50,91.04,90.26,1
4,5,10,92.52,90.18,1
8,5,60,90.82,90.26,1
6,5,40,94.85,90.42,1
2,5,40,95.08,89.68,1
8,5,60,90.82,90.26,1
4,5,10,91.4066666666667,90.18,0.5
7,5,60,95.05,89.72,1
7,5,50,95.27,89.72,1
0,5,50,93.18,90.2,1
1,5,100,92.28,88.65,1
3,5,30,92.5566666666667,89.9,0.5
8,5,30,90.89,90.26,1
4,5,10,91.5266666666667,90.18,0.5
8,5,40,91.01,90.26,1
2,5,40,94.72,89.68,1
7,5,80,94.55,89.72,1
3,5,50,93.54,89.9,1
4,5,30,90.38,90.18,1
9,5,10,90.79,89.91,1
7,5,20,94.55,89.72,1
1,5,20,88.96,88.65,1
0,5,100,91.41,90.2,1
2,5,30,95.09,89.68,1
2,5,20,94.94,89.68,1
4,5,20,92.98,90.18,1
3,5,50,93.73,89.9,1
2,5,100,91.92,89.68,1
9,5,80,91.98,89.91,1
6,5,20,93.65,90.42,1
0,5,40,92.96,90.2,1
2,5,20,90.9433333333333,89.68,0.5
3,5,20,90.1933333333333,89.9,0.5
3,5,10,90.17,89.9,0.5
4,5,50,92.33,90.18,1
2,5,80,92.82,89.68,1
3,5,40,93.15,89.9,1
7,5,20,92.27,89.72,0.5
4,5,20,90.77,90.18,0.5
4,5,20,90.35,90.18,1
1,5,20,90.35,88.65,1
3,5,40,93.71,89.9,1
2,5,20,89.92,89.68,1
8,5,50,91.26,90.26,1
4,5,100,90.76,90.18,1
5,5,100,91.63,91.08,1
5,5,80,91.92,91.08,1
7,5,50,94.62,89.72,1
8,5,40,91.02,90.26,1
7,5,10,93.27,89.72,1
0,5,80,91.17,90.2,1
6,5,30,94.43,90.42,1
7,5,100,93.39,89.72,1
7,5,10,93.89,89.72,1
3,5,40,93.35,89.9,1
3,5,10,90.64,89.9,0.5
7,5,20,94.11,89.72,1
6,5,60,94.13,90.42,1
7,5,50,94.81,89.72,1
2,5,10,93.51,89.68,1
3,5,20,92.58,89.9,1
2,5,20,90.05,89.68,1
4,5,20,92.36,90.18,1
8,5,60,91.07,90.26,1
3,5,10,92.34,89.9,1
4,5,20,90.4033333333333,90.18,0.5
8,5,50,91.39,90.26,1
4,5,10,91.43,90.18,0.5
7,5,30,89.74,89.72,1
0,5,80,91.81,90.2,1
2,5,40,94.66,89.68,1
0,5,10,91.43,90.2,1
3,5,30,92.9,89.9,1
6,5,40,94.86,90.42,1
2,5,20,94.73,89.68,1
3,5,30,92.9033333333333,89.9,0.5
2,5,100,91.67,89.68,1
2,5,30,90.53,89.68,0.5
3,5,50,93.4,89.9,1
3,5,40,93.58,89.9,1
2,5,20,92.36,89.68,0.5
3,5,10,89.9066666666667,89.9,0.5
2,5,10,94.08,89.68,1
3,5,100,92.51,89.9,1
8,5,80,91.01,90.26,1
0,5,20,92.08,90.2,1
4,5,10,91.5933333333333,90.18,0.5
3,5,10,91.48,89.9,0.5
7,5,30,93.9,89.72,1
4,5,80,91.37,90.18,1
6,5,40,94.76,90.42,1
2,5,10,91.27,89.68,1
3,5,40,94.05,89.9,1
9,5,80,92.17,89.91,1
2,5,60,93.55,89.68,1
3,5,50,93.05,89.9,1
1,5,60,95.02,88.65,1
3,5,50,93.73,89.9,1
8,5,10,90.36,90.26,1
2,5,10,94.51,89.68,1
2,5,10,90.7933333333333,89.68,0.5
3,5,10,91.27,89.9,0.5
3,5,50,93.59,89.9,1
2,5,10,92.95,89.68,1
4,5,30,91.87,90.18,0.5
2,5,20,91.21,89.68,0.5
7,5,10,92.6066666666667,89.72,0.5
4,5,30,90.2833333333333,90.18,0.5
2,5,50,95.01,89.68,1
5,5,40,92.73,91.08,1
4,5,20,92.38,90.18,1
6,5,20,93.75,90.42,1
4,5,50,92.04,90.18,1
2,5,20,91.2,89.68,1
9,5,10,90.37,89.91,1
2,5,20,93.3533333333333,89.68,0.5
4,5,30,91.7933333333333,90.18,0.5
8,5,10,90.34,90.26,1
5,5,20,91.48,91.08,1
2,5,20,94.26,89.68,1
4,5,10,90.85,90.18,1
7,5,30,90.73,89.72,1
1,5,40,91.08,88.65,1
6,5,40,95.42,90.42,1
5,5,30,92.19,91.08,1
3,5,30,93.68,89.9,1
4,5,10,92.72,90.18,1
2,5,100,92.03,89.68,1
7,5,40,95.41,89.72,1
7,5,30,95.06,89.72,1
5,5,10,91.48,91.08,1
3,5,30,93.22,89.9,1
4,5,50,92.21,90.18,1
3,5,60,93.93,89.9,1
7,5,30,91.3033333333333,89.72,0.5
0,5,40,92.93,90.2,1
2,5,50,94.54,89.68,1
9,5,40,93.14,89.91,1
3,5,30,89.99,89.9,1
7,5,10,90.82,89.72,1
3,5,10,90.59,89.9,1
7,5,20,94.76,89.72,1
0,5,20,91.5,90.2,1
1,5,50,93.77,88.65,1
6,5,40,94.87,90.42,1
6,5,100,92.85,90.42,1
4,5,30,90.2166666666667,90.18,0.5
3,5,30,93.37,89.9,1
4,5,20,92.14,90.18,1
7,5,10,90.7166666666667,89.72,0.5
5,5,40,92.61,91.08,1
9,5,100,91.22,89.91,1
6,5,30,95.3,90.42,1
6,5,20,94.3,90.42,1
9,5,60,91.59,89.91,1
7,5,20,93.66,89.72,1
2,5,30,94.84,89.68,1
9,5,50,92.03,89.91,1
7,5,30,94.77,89.72,1
1,5,10,88.69,88.65,1
4,5,10,92.46,90.18,1
2,5,80,92.85,89.68,1
3,5,30,93.48,89.9,1
7,5,20,94.31,89.72,1
3,5,30,92.7833333333333,89.9,0.5
2,5,30,93.2566666666667,89.68,0.5
4,5,30,91.78,90.18,0.5
6,5,20,94.17,90.42,1
4,5,30,92.14,90.18,1
3,5,60,93.33,89.9,1
5,5,20,91.46,91.08,1
2,5,20,94.75,89.68,1
2,5,30,92.32,89.68,0.5
8,5,40,90.96,90.26,1
7,5,40,94.97,89.72,1
5,5,20,91.08,91.08,1
9,5,20,91.34,89.91,1
3,5,40,93.42,89.9,1
6,5,30,93.47,90.42,1
4,5,40,92.42,90.18,1
6,5,40,94.85,90.42,1
2,5,30,94.1,89.68,0.5
5,5,40,92.36,91.08,1
3,5,50,93.3,89.9,1
2,5,20,92.84,89.68,1
0,5,40,93.45,90.2,1
2,5,30,92.2433333333333,89.68,0.5
2,5,20,91.74,89.68,1
3,5,50,93.72,89.9,1
2,5,10,90.4266666666667,89.68,0.5
7,5,100,93.57,89.72,1
9,5,10,90.26,89.91,1
2,5,20,92.64,89.68,1
3,5,30,93.61,89.9,1
8,5,10,90.28,90.26,1
2,5,20,91.2533333333333,89.68,0.5
6,5,60,94.94,90.42,1
2,5,10,93.5,89.68,1
3,5,50,93.73,89.9,1
6,5,40,94.98,90.42,1
1,5,20,89.63,88.65,1
6,5,50,91.59,90.42,1
3,5,20,91.2,89.9,0.5
5,5,40,93.16,91.08,1
4,5,30,90.25,90.18,1
3,5,40,93.87,89.9,1
0,5,20,92.22,90.2,1
4,5,10,91.83,90.18,1
7,5,10,93.35,89.72,1
2,5,10,91.55,89.68,1
2,5,10,91.59,89.68,1
4,5,30,91.2,90.18,0.5
5,5,40,91.4966666666667,91.08,0.5
7,5,10,91.14,89.72,1
7,5,50,95.02,89.72,1
2,5,20,90.94,89.68,1
2,5,40,95.05,89.68,1
2,5,20,94.84,89.68,1
6,5,20,93.82,90.42,1
5,5,40,92.3,91.08,1
8,5,60,90.91,90.26,1
8,5,10,90.35,90.26,1
5,5,50,92.67,91.08,1
3,5,20,90.0633333333333,89.9,0.5
2,5,10,90.26,89.68,0.5
6,5,30,94.88,90.42,1
3,5,30,93.11,89.9,1
3,5,40,93.41,89.9,1
3,5,30,93.64,89.9,1
4,5,20,91.8833333333333,90.18,0.5
7,5,30,91.39,89.72,0.5
9,5,30,91.58,89.91,1
4,5,30,91.61,90.18,1
2,5,20,93.7266666666667,89.68,0.5
5,5,80,92.89,91.08,1
7,5,20,91.3533333333333,89.72,0.5
6,5,30,93.97,90.42,1
0,5,40,93.64,90.2,1
3,5,20,89.9033333333333,89.9,0.5
4,5,40,93.37,90.18,1
3,5,30,93.04,89.9,1
0,5,80,91.48,90.2,1
2,5,30,94.98,89.68,1
6,5,50,94.59,90.42,1
4,5,30,93.04,90.18,1
1,5,10,88.95,88.65,1
3,5,100,92.98,89.9,1
7,5,30,95.22,89.72,1
9,5,50,92,89.91,1
5,5,80,92.25,91.08,1
2,5,20,91.6,89.68,1
5,5,10,91.2,91.08,1
4,5,80,91.52,90.18,1
5,5,100,91.56,91.08,1
4,5,30,93.18,90.18,1
5,5,40,92.61,91.08,1
7,5,40,94.76,89.72,1
7,5,80,93.97,89.72,1
7,5,30,89.86,89.72,0.5
0,5,40,93.4,90.2,1
1,5,50,89.8766666666667,88.65,0.5
2,5,30,91.5833333333333,89.68,0.5
9,5,40,92.25,89.91,1
0,5,80,91.51,90.2,1
6,5,30,94.81,90.42,1
5,5,40,91.52,91.08,0.5
2,5,10,94.13,89.68,1
7,5,40,95.07,89.72,1
7,5,20,94.56,89.72,1
3,5,30,92.4266666666667,89.9,0.5
4,5,30,90.91,90.18,0.5
0,5,40,93.83,90.2,1
2,5,30,90.82,89.68,1
4,5,10,92.2,90.18,1
5,5,10,91.41,91.08,1
3,5,60,93.8,89.9,1
4,5,50,91.3,90.18,0.5
6,5,30,94.36,90.42,1
2,5,20,93.57,89.68,0.5
3,5,20,92.62,89.9,1
3,5,20,90.36,89.9,1
3,5,30,92.2366666666667,89.9,0.5
3,5,20,91.8366666666667,89.9,0.5
7,5,10,93.35,89.72,1
6,5,40,95.25,90.42,1
4,5,40,92.6,90.18,1
9,5,20,91.41,89.91,1
4,5,40,93.08,90.18,1
3,5,50,94.05,89.9,1
9,5,40,91.83,89.91,1
7,5,30,94.1633333333333,89.72,0.5
0,5,60,92.33,90.2,1
6,5,80,93.21,90.42,1
3,5,10,90.15,89.9,1
7,5,20,93.28,89.72,1
3,5,40,93.46,89.9,1
4,5,40,93.12,90.18,1
9,5,40,91.75,89.91,1
4,5,20,90.4333333333333,90.18,0.5
2,5,20,93.4966666666667,89.68,0.5
9,5,40,92.2,89.91,1
5,5,40,92.43,91.08,1
9,5,80,91.81,89.91,1
0,5,80,91.45,90.2,1
8,5,100,90.48,90.26,1
0,5,40,93.55,90.2,1
4,5,100,91.24,90.18,1
9,5,60,92.53,89.91,1
7,5,20,90.1,89.72,1
8,5,50,90.94,90.26,1
1,5,40,92.17,88.65,1
2,5,20,92.4566666666667,89.68,0.5
2,5,10,92.8433333333333,89.68,0.5
2,5,10,92.9933333333333,89.68,0.5
7,5,40,95.4,89.72,1
7,5,20,94.64,89.72,1
4,5,50,92.28,90.18,1
2,5,10,94.21,89.68,1
4,5,10,92.68,90.18,1
8,5,80,90.93,90.26,1
4,5,20,91.2666666666667,90.18,0.5
9,5,60,92.11,89.91,1
8,5,80,90.89,90.26,1
2,5,20,93.33,89.68,0.5
8,5,100,90.46,90.26,1
0,5,40,92.77,90.2,1
0,5,80,91.78,90.2,1
4,5,20,90.2166666666667,90.18,0.5
1,5,20,89.95,88.65,1
3,5,30,93.14,89.9,1
1,5,60,94.03,88.65,1
3,5,40,93.83,89.9,1
3,5,30,92.5766666666667,89.9,0.5
2,5,10,90.1,89.68,1
1,5,30,90.33,88.65,1
4,5,60,91.64,90.18,1
1,5,80,93.94,88.65,1
8,5,40,91.28,90.26,1
7,5,60,94.35,89.72,1
0,5,100,91.41,90.2,1
8,5,100,90.4,90.26,1
7,5,10,91.44,89.72,0.5
7,5,20,94.76,89.72,1
1,5,50,94.06,88.65,1
3,5,10,92.34,89.9,1
3,5,10,91.0833333333333,89.9,0.5
8,5,40,91.07,90.26,1
2,5,20,94.09,89.68,1
5,5,100,91.99,91.08,1
2,5,30,93.8466666666667,89.68,0.5
1,5,20,89.7,88.65,1
3,5,40,93.53,89.9,1
9,5,20,90.89,89.91,1
4,5,60,91.58,90.18,1
6,5,20,94.56,90.42,1
6,5,100,92.64,90.42,1
3,5,30,90.11,89.9,0.5
3,5,60,93.64,89.9,1
8,5,20,90.76,90.26,1
9,5,80,90.32,89.91,0.75
1,5,40,90.91,88.65,1
6,5,80,93.31,90.42,1
6,5,30,94.51,90.42,1
4,5,30,90.5466666666667,90.18,0.5
4,5,20,92.0366666666667,90.18,0.5
5,5,20,91.65,91.08,1
4,5,10,90.95,90.18,0.5
3,5,20,91.8066666666667,89.9,0.5
8,5,80,90.86,90.26,1
4,5,10,91.66,90.18,1
6,5,50,95.29,90.42,1
3,5,80,93.49,89.9,1
3,5,20,90.0833333333333,89.9,0.5
2,5,10,91.23,89.68,1
7,5,30,90.1833333333333,89.72,0.5
3,5,10,90.6033333333333,89.9,0.5
3,5,10,92.21,89.9,1
7,5,100,93.41,89.72,1
3,5,10,91.64,89.9,1
7,5,50,95.33,89.72,1
0,5,20,92.38,90.2,1
2,5,10,89.96,89.68,1
1,5,100,92.63,88.65,1
0,5,60,92.29,90.2,1
5,5,100,91.92,91.08,1
6,5,10,93.01,90.42,1
5,5,30,92.01,91.08,1
3,5,30,93.15,89.9,1
4,5,20,92.26,90.18,1
4,5,20,93,90.18,1
2,5,30,94.99,89.68,1
7,5,40,94.77,89.72,1
3,5,40,93.77,89.9,1
2,5,20,93.05,89.68,1
5,5,10,91.49,91.08,1
4,5,20,90.51,90.18,1
3,5,30,92.39,89.9,0.5
2,5,30,94.83,89.68,1
0,5,20,92.86,90.2,1
0,5,80,91.35,90.2,1
2,5,100,92.16,89.68,1
2,5,30,94.4,89.68,1
4,5,10,91.2133333333333,90.18,0.5
4,5,30,90.18,90.18,1
3,5,20,92.62,89.9,1
4,5,100,90.76,90.18,1
2,5,10,90.7066666666667,89.68,0.5
3,5,60,93.9,89.9,1
2,5,100,91.86,89.68,1
4,5,50,92.88,90.18,1
5,5,80,92.22,91.08,1
3,5,20,90.3533333333333,89.9,0.5
4,5,20,90.4666666666667,90.18,0.5
2,5,100,91.47,89.68,1
0,5,20,91.74,90.2,1
5,5,100,91.63,91.08,1
7,5,10,92.87,89.72,1
2,5,80,92.73,89.68,1
3,5,100,92.98,89.9,1
3,5,10,91.1533333333333,89.9,0.5
2,5,20,92.3366666666667,89.68,0.5
2,5,10,90.79,89.68,1
7,5,10,90.28,89.72,1
2,5,40,94.45,89.68,1
2,5,30,94,89.68,1
7,5,30,91.16,89.72,1
9,5,40,92.59,89.91,1
3,5,100,92.92,89.9,1
7,5,10,93.22,89.72,1
5,5,40,92.59,91.08,1
7,5,30,90.0933333333333,89.72,0.5
3,5,40,93.27,89.9,1
2,5,100,91.57,89.68,1
9,5,60,92.18,89.91,1
5,5,40,92.31,91.08,1
8,5,100,90.49,90.26,1
4,5,30,91.82,90.18,1
3,5,30,92.1,89.9,0.5
0,5,60,92.62,90.2,1
3,5,20,91.08,89.9,0.5
8,5,20,90.53,90.26,1
7,5,20,92.4,89.72,0.5
9,5,40,91.93,89.91,1
3,5,20,92.66,89.9,1
5,5,80,92.34,91.08,1
7,5,100,93.01,89.72,1
9,5,30,91.08,89.91,1
2,5,20,91.2533333333333,89.68,0.5
6,5,100,93.14,90.42,1
7,5,40,95.46,89.72,1
1,5,20,89.5,88.65,1
6,5,50,95.34,90.42,1
5,5,40,92.46,91.08,1
3,5,20,90.8333333333333,89.9,0.5
6,5,40,95.16,90.42,1
6,5,60,94.53,90.42,1
9,5,50,92.66,89.91,1
3,5,20,92.27,89.9,1
4,5,30,90.18,90.18,0.5
6,5,40,95.04,90.42,1
5,5,60,92.62,91.08,1
8,5,100,90.59,90.26,1
7,5,80,94.45,89.72,1
4,5,10,92.07,90.18,1
5,5,80,92.31,91.08,1
5,5,100,92,91.08,1
3,5,20,90.06,89.9,0.5
8,5,40,91.02,90.26,1
4,5,30,92.6,90.18,1
4,5,30,91.68,90.18,0.5
4,5,30,92.94,90.18,1
5,5,30,91.93,91.08,1
7,5,10,93.29,89.72,1
2,5,20,91.72,89.68,0.5
5,5,30,91.89,91.08,1
8,5,20,90.75,90.26,1
9,5,30,91.91,89.91,1
2,5,10,93.95,89.68,1
7,5,20,93.61,89.72,0.5
9,5,80,92.03,89.91,1
0,5,10,91.77,90.2,1
3,5,10,90.08,89.9,0.5
4,5,30,90.18,90.18,1
3,5,10,91.8,89.9,1
2,5,30,94.0466666666667,89.68,0.5
3,5,50,93.7,89.9,1
6,5,20,94.39,90.42,1
8,5,100,90.7,90.26,1
4,5,30,90.2066666666667,90.18,0.5
4,5,80,90.95,90.18,1
4,5,20,93.27,90.18,1
3,5,40,93.56,89.9,1
6,5,20,93.59,90.42,1
2,5,30,91.12,89.68,1
3,5,50,93.79,89.9,1
7,5,100,93.56,89.72,1
2,5,20,93.6533333333333,89.68,0.5
7,5,30,95.31,89.72,1
7,5,40,95.24,89.72,1
3,5,100,92.5,89.9,1
4,5,10,91.3933333333333,90.18,0.5
7,5,10,94.1,89.72,1
1,5,20,90.01,88.65,1
0,5,100,91.35,90.2,1
2,5,20,95,89.68,1
5,5,20,91.54,91.08,1
7,5,40,94.72,89.72,1
4,5,20,90.33,90.18,0.5
2,5,20,92.6533333333333,89.68,0.5
3,5,50,93.45,89.9,1
3,5,40,93.76,89.9,1
6,5,10,92.91,90.42,1
2,5,20,89.9733333333333,89.68,0.5
6,5,10,93.25,90.42,1
9,5,50,92.57,89.91,1
3,5,100,92.33,89.9,1
3,5,20,90.21,89.9,1
4,5,30,92.57,90.18,1
7,5,20,93.48,89.72,0.5
3,5,20,90.19,89.9,0.5
7,5,20,90.01,89.72,0.5
1,5,40,90.76,88.65,1
3,5,10,92.39,89.9,1
8,5,20,90.98,90.26,1
7,5,20,91.48,89.72,1
7,5,100,93.34,89.72,1
2,5,20,93.5966666666667,89.68,0.5
7,5,30,90.75,89.72,1
6,5,20,93.81,90.42,1
3,5,20,90.2666666666667,89.9,0.5
7,5,20,94.13,89.72,1
3,5,40,93.76,89.9,1
4,5,20,92.42,90.18,1
4,5,30,91.2366666666667,90.18,0.5
4,5,30,90.18,90.18,1
3,5,20,90.4433333333333,89.9,0.5
0,5,30,92.67,90.2,1
4,5,20,90.3033333333333,90.18,0.5
3,5,50,93.49,89.9,1
4,5,10,90.18,90.18,1
3,5,30,90.4266666666667,89.9,0.5
8,5,50,91.06,90.26,1
3,5,40,93.22,89.9,1
3,5,30,89.91,89.9,1
9,5,20,91,89.91,1
5,5,50,93.07,91.08,1
9,5,10,90.31,89.91,1
3,5,20,89.93,89.9,1
3,5,40,93.48,89.9,1
4,5,40,92.34,90.18,1
5,5,40,92.93,91.08,1
3,5,60,93.22,89.9,1
4,5,20,93.23,90.18,1
7,5,60,95.12,89.72,1
0,5,20,91.85,90.2,1
7,5,40,94.92,89.72,1
6,5,100,92.26,90.42,1
0,5,100,91.39,90.2,1
2,5,10,91.5033333333333,89.68,0.5
5,5,60,92.68,91.08,1
3,5,10,90.9533333333333,89.9,0.5
0,5,60,92.37,90.2,1
3,5,10,92.35,89.9,1
2,5,80,92.66,89.68,1
5,5,50,92.46,91.08,1
1,5,80,93.53,88.65,1
2,5,20,91.6433333333333,89.68,0.5
2,5,10,91.59,89.68,1
2,5,20,93.06,89.68,1
3,5,20,91.24,89.9,1
1,5,30,91.45,88.65,1
7,5,40,95.03,89.72,1
4,5,10,92.82,90.18,1
0,5,30,92.75,90.2,1
2,5,30,90.9533333333333,89.68,0.5
3,5,40,93.5,89.9,1
0,5,40,92.75,90.2,1
9,5,40,89.96,89.91,1
0,5,80,91.89,90.2,1
4,5,30,92.39,90.18,1
7,5,20,93.27,89.72,0.5
3,5,50,93.57,89.9,1
1,5,40,92.76,88.65,1
9,5,50,92.13,89.91,1
9,5,80,92,89.91,1
4,5,10,91.0866666666667,90.18,0.5
7,5,20,93.2933333333333,89.72,0.5
3,5,10,91.7,89.9,1
3,5,30,92.11,89.9,1
2,5,40,95.35,89.68,1
4,5,10,91.1266666666667,90.18,0.5
6,5,60,94.33,90.42,1
2,5,30,94.08,89.68,0.5
1,5,30,88.65,88.65,1
7,5,30,91.9066666666667,89.72,0.5
7,5,80,94.09,89.72,1
7,5,20,93.0033333333333,89.72,0.5
2,5,30,94.94,89.68,1
2,5,10,91.38,89.68,1
6,5,10,92.73,90.42,1
1,5,40,91.92,88.65,1
4,5,40,92.88,90.18,1
8,5,20,90.7,90.26,1
3,5,30,93.23,89.9,1
0,5,100,91.12,90.2,1
6,5,100,93.02,90.42,1
2,5,20,92.33,89.68,0.5
3,5,40,93.16,89.9,1
4,5,20,90.73,90.18,1
2,5,30,94.02,89.68,0.5
2,5,30,91.87,89.68,0.5
6,5,20,93.58,90.42,1
2,5,30,95.06,89.68,1
3,5,40,93.45,89.9,1
4,5,20,92.09,90.18,1
9,5,40,92.08,89.91,1
5,5,40,92.5,91.08,1
5,5,50,92.57,91.08,1
1,5,30,90.2966666666667,88.65,0.75
2,5,40,95.31,89.68,1
9,5,50,91.88,89.91,1
5,5,100,91.59,91.08,1
4,5,100,90.78,90.18,1
3,5,30,89.9,89.9,1
3,5,10,91.1966666666667,89.9,0.5
7,5,60,94.56,89.72,1
4,5,20,92.9,90.18,1
8,5,20,90.9,90.26,1
6,5,20,93.71,90.42,1
5,5,80,92.11,91.08,1
2,5,50,94.76,89.68,1
2,5,60,94.46,89.68,1
7,5,30,94.61,89.72,1
4,5,10,90.6366666666667,90.18,0.5
3,5,20,90.19,89.9,1
6,5,100,92.53,90.42,1
2,5,20,93.38,89.68,1
4,5,30,90.3,90.18,1
3,5,10,91.4233333333333,89.9,0.5
4,5,40,92.24,90.18,1
2,5,10,92.92,89.68,1
7,5,40,95.14,89.72,1
3,5,20,93.27,89.9,1
3,5,100,92.48,89.9,1
0,5,10,91.49,90.2,1
8,5,20,90.47,90.26,1
8,5,40,91.23,90.26,1
8,5,40,90.66,90.26,1
1,5,100,92.36,88.65,1
0,5,60,92.24,90.2,1
8,5,30,91.07,90.26,1
4,5,20,92.69,90.18,1
3,5,20,92.15,89.9,1
4,5,30,91.01,90.18,1
2,5,30,91.67,89.68,1
0,5,100,91.26,90.2,1
7,5,50,95.21,89.72,1
3,5,50,94.04,89.9,1
3,5,30,89.92,89.9,1
2,5,30,89.72,89.68,1
3,5,10,91.93,89.9,1
2,5,20,91.56,89.68,1
2,5,60,94.32,89.68,1
0,5,50,92.89,90.2,1
3,5,20,90.29,89.9,1
2,5,20,91.56,89.68,1
3,5,20,91.49,89.9,1
7,5,30,94.93,89.72,1
8,5,60,91.32,90.26,1
1,5,20,89.96,88.65,1
2,5,30,90.07,89.68,1
8,5,40,90.42,90.26,0.5
7,5,10,92.18,89.72,0.5
2,5,10,91.75,89.68,1
6,5,20,93.74,90.42,1
7,5,60,95.3,89.72,1
9,5,40,91.75,89.91,1
6,5,20,93.63,90.42,1
3,5,20,90.9666666666667,89.9,0.5
3,5,20,90.8,89.9,0.5
5,5,10,91.14,91.08,1
7,5,40,95.38,89.72,1
2,5,30,95.26,89.68,1
1,5,30,90.14,88.65,1
3,5,10,89.9,89.9,1
3,5,40,93.54,89.9,1
3,5,60,94.13,89.9,1
7,5,30,89.72,89.72,1
3,5,20,91.81,89.9,0.5
2,5,10,92.2966666666667,89.68,0.5
2,5,20,91.82,89.68,1
5,5,80,92.84,91.08,1
2,5,30,90.39,89.68,1
0,5,20,91.83,90.2,1
0,5,40,93.52,90.2,1
2,5,80,92.81,89.68,1
7,5,30,92.4966666666667,89.72,0.5
6,5,40,94.8,90.42,1
2,5,20,94.41,89.68,1
3,5,40,93.51,89.9,1
3,5,20,92.03,89.9,1
9,5,50,92.15,89.91,1
6,5,50,94.81,90.42,1
4,5,30,91.76,90.18,0.5
3,5,20,90.51,89.9,1
4,5,40,92.8,90.18,1
4,5,10,91.2333333333333,90.18,0.5
4,5,10,90.42,90.18,0.5
2,5,40,95.25,89.68,1
5,5,50,92.94,91.08,1
2,5,20,91.75,89.68,1
1,5,60,94.47,88.65,1
3,5,60,93.81,89.9,1
2,5,20,93.71,89.68,1
4,5,10,92.64,90.18,1
2,5,20,93.3933333333333,89.68,0.5
4,5,30,91.76,90.18,0.5
2,5,30,94.7,89.68,1
7,5,20,94.15,89.72,1
2,5,40,94.6,89.68,1
2,5,20,93.81,89.68,1
3,5,20,91.2733333333333,89.9,0.5
2,5,20,94.32,89.68,1
2,5,100,92.08,89.68,1
4,5,30,91.97,90.18,0.5
1,5,10,89.29,88.65,1
3,5,10,89.99,89.9,1
8,5,10,90.38,90.26,1
4,5,30,92.07,90.18,1
7,5,30,94.44,89.72,1
0,5,30,92.77,90.2,1
4,5,60,91.61,90.18,1
4,5,30,90.18,90.18,1
2,5,80,93.6,89.68,1
4,5,30,90.4566666666667,90.18,0.5
8,5,100,90.69,90.26,1
0,5,50,93.12,90.2,1
2,5,50,94.46,89.68,1
8,5,30,91.03,90.26,1
6,5,40,95.18,90.42,1
5,5,20,91.64,91.08,1
7,5,80,94.1,89.72,1
2,5,10,91.8833333333333,89.68,0.5
1,5,100,92.78,88.65,1
1,5,60,93.9,88.65,1
8,5,80,90.68,90.26,1
3,5,40,93.44,89.9,1
3,5,20,89.9233333333333,89.9,0.5
6,5,100,93.04,90.42,1
2,5,20,93.87,89.68,1
6,5,60,94.46,90.42,1
7,5,30,92.23,89.72,0.5
4,5,80,90.83,90.18,1
5,5,20,91.78,91.08,1
9,5,30,91.84,89.91,1
7,5,50,95.02,89.72,1
3,5,20,93.1,89.9,1
2,5,40,94.82,89.68,1
3,5,10,90.14,89.9,1
6,5,60,94.41,90.42,1
3,5,10,91.64,89.9,1
0,5,20,92.58,90.2,1
0,5,100,91.54,90.2,1
4,5,20,92.0066666666667,90.18,0.5
6,5,100,93.15,90.42,1
7,5,60,94.87,89.72,1
2,5,20,93.5433333333333,89.68,0.5
6,5,20,93.61,90.42,1
9,5,20,91.16,89.91,1
7,5,60,94.58,89.72,1
7,5,10,91.4566666666667,89.72,0.5
6,5,10,91.8633333333333,90.42,0.5
0,5,60,92.56,90.2,1
7,5,100,93.11,89.72,1
7,5,20,94.14,89.72,1
3,5,30,91.2366666666667,89.9,0.5
2,5,10,90.79,89.68,1
1,5,40,92.14,88.65,1
2,5,100,91.63,89.68,1
7,5,20,94.61,89.72,1
2,5,20,91.04,89.68,1
2,5,20,92.24,89.68,0.5
5,5,40,92.17,91.08,1
9,5,60,92.1,89.91,1
9,5,30,91.24,89.91,1
3,5,50,93.29,89.9,1
7,5,30,94.96,89.72,1
8,5,50,91.02,90.26,1
4,5,10,91.1,90.18,0.5
6,5,10,92.79,90.42,1
5,5,20,92.07,91.08,1
3,5,20,90.0333333333333,89.9,0.5
5,5,20,91.54,91.08,1
3,5,20,91.0733333333333,89.9,0.5
3,5,10,90.64,89.9,1
3,5,40,93.46,89.9,1
6,5,60,94.13,90.42,1
3,5,20,90.1,89.9,1
1,5,60,94.45,88.65,1
3,5,20,92.2333333333333,89.9,0.5
5,5,20,91.61,91.08,1
5,5,60,92.27,91.08,1
0,5,50,93.04,90.2,1
2,5,30,89.8733333333333,89.68,0.5
3,5,20,93.02,89.9,1
7,5,10,89.87,89.72,0.5
5,5,80,92.29,91.08,1
7,5,60,95.07,89.72,1
0,5,20,91.7,90.2,1
0,5,50,93.58,90.2,1
4,5,10,90.2533333333333,90.18,0.5
7,5,50,94.73,89.72,1
4,5,20,91.5233333333333,90.18,0.5
1,5,20,89.39,88.65,1
0,5,20,91.52,90.2,1
5,5,60,92.15,91.08,1
7,5,30,94.62,89.72,1
2,5,20,91.58,89.68,1
2,5,10,93.29,89.68,1
4,5,60,91.18,90.18,1
0,5,40,93.41,90.2,1
0,5,40,93.23,90.2,1
2,5,20,94.03,89.68,1
5,5,40,92.38,91.08,1
7,5,40,94.96,89.72,1
5,5,60,92.94,91.08,1
5,5,40,92.94,91.08,1
1,5,50,93.07,88.65,1
5,5,50,92.75,91.08,1
2,5,40,95.08,89.68,1
7,5,10,90.2666666666667,89.72,0.5
3,5,40,93.48,89.9,1
4,5,30,91.4933333333333,90.18,0.5
1,5,80,93.69,88.65,1
6,5,20,93.95,90.42,1
7,5,20,91.4866666666667,89.72,0.5
3,5,10,89.96,89.9,1
4,5,50,92.86,90.18,1
3,5,80,93.49,89.9,1
3,5,20,93.26,89.9,1
0,5,10,90.96,90.2,1
3,5,30,90.47,89.9,1
3,5,20,92.53,89.9,1
4,5,40,92.74,90.18,1
9,5,60,92.44,89.91,1
9,5,100,91.63,89.91,1
0,5,50,93.07,90.2,1
4,5,10,90.38,90.18,1
9,5,80,92.06,89.91,1
1,5,20,89.85,88.65,1
3,5,50,93.54,89.9,1
0,5,80,91.92,90.2,1
3,5,10,91.62,89.9,1
3,5,50,93.72,89.9,1
1,5,20,90.37,88.65,1
4,5,30,90.34,90.18,1
6,5,50,95.21,90.42,1
4,5,20,92.49,90.18,1
3,5,20,90.02,89.9,1
7,5,30,94.61,89.72,1
7,5,20,94.96,89.72,1
2,5,30,90.8833333333333,89.68,0.5
4,5,100,90.99,90.18,1
5,5,40,92.75,91.08,1
4,5,40,92.12,90.18,1
6,5,40,94.48,90.42,1
3,5,40,93.72,89.9,1
2,5,60,94.83,89.68,1
1,5,10,89.26,88.65,1
3,5,30,93.01,89.9,1
3,5,40,93.6,89.9,1
4,5,40,93.22,90.18,1
5,5,40,92.2966666666667,91.08,0.5
4,5,40,92.66,90.18,1
4,5,100,91.06,90.18,1
5,5,100,91.68,91.08,1
3,5,30,92.75,89.9,1
3,5,30,93.14,89.9,1
9,5,30,91.61,89.91,1
2,5,20,93.2066666666667,89.68,0.5
2,5,20,91.15,89.68,1
2,5,40,94.92,89.68,1
4,5,10,91.91,90.18,1
3,5,30,89.92,89.9,0.5
2,5,20,90.5366666666667,89.68,0.5
3,5,30,90.0333333333333,89.9,0.5
6,5,50,94.77,90.42,1
8,5,100,90.27,90.26,1
4,5,30,93.24,90.18,1
2,5,40,95.54,89.68,1
3,5,100,91.96,89.9,1
7,5,30,93.12,89.72,1
9,5,100,91.32,89.91,1
3,5,30,90.31,89.9,1
7,5,10,94.01,89.72,1
3,5,20,92.72,89.9,1
5,5,60,92.76,91.08,1
5,5,40,92.21,91.08,1
9,5,40,91.75,89.91,1
3,5,10,89.9,89.9,1
3,5,20,92.0833333333333,89.9,0.5
1,5,60,94.33,88.65,1
7,5,20,90.79,89.72,0.5
9,5,40,92.57,89.91,1
7,5,10,91.2366666666667,89.72,0.5
3,5,20,91.9366666666667,89.9,0.5
3,5,20,92.5,89.9,1
5,5,60,92.52,91.08,1
2,5,80,93.08,89.68,1
3,5,100,93.25,89.9,1
2,5,20,92.8266666666667,89.68,0.5
3,5,100,92.85,89.9,1
7,5,60,94.88,89.72,1
0,5,30,92.91,90.2,1
3,5,30,93.3,89.9,1
2,5,10,90.9766666666667,89.68,0.5
4,5,20,92.42,90.18,1
5,5,100,91.6,91.08,1
9,5,80,92.01,89.91,1
9,5,40,92.18,89.91,1
2,5,60,93.79,89.68,1
0,5,40,92.61,90.2,1
8,5,40,91.48,90.26,1
4,5,60,92.37,90.18,1
4,5,60,91.63,90.18,1
9,5,50,92.25,89.91,1
6,5,30,94.3833333333333,90.42,0.75
3,5,10,91.84,89.9,1
2,5,20,93.3233333333333,89.68,0.5
3,5,30,93,89.9,1
3,5,10,90.1333333333333,89.9,0.5
6,5,100,92.37,90.42,1
1,5,20,89.63,88.65,1
5,5,100,91.89,91.08,1
3,5,50,93.39,89.9,1
3,5,20,90.22,89.9,1
9,5,40,89.92,89.91,1
2,5,20,93.15,89.68,0.5
2,5,30,95.11,89.68,1
4,5,20,92.78,90.18,1
5,5,10,91.12,91.08,1
3,5,10,89.97,89.9,0.5
7,5,20,92.4233333333333,89.72,0.5
6,5,20,93.63,90.42,1
7,5,10,92.7533333333333,89.72,0.5
5,5,60,92.12,91.08,1
8,5,30,90.64,90.26,1
2,5,40,95.07,89.68,1
0,5,40,93.31,90.2,1
7,5,30,93.94,89.72,0.5
6,5,20,93.5,90.42,1
6,5,80,93.09,90.42,1
5,5,80,92.4,91.08,1
7,5,60,94.71,89.72,1
2,5,10,91.27,89.68,1
3,5,30,91.6,89.9,0.5
3,5,40,93.57,89.9,1
3,5,40,93.49,89.9,1
2,5,60,93.68,89.68,1
1,5,40,92.28,88.65,1
8,5,50,91.11,90.26,1
7,5,20,95.01,89.72,1
4,5,100,90.56,90.18,1
6,5,40,94.45,90.42,1
3,5,30,90.3033333333333,89.9,0.5
7,5,60,94.97,89.72,1
3,5,20,92.0133333333333,89.9,0.5
4,5,10,90.2566666666667,90.18,0.5
4,5,30,93.07,90.18,1
3,5,20,92.91,89.9,1
6,5,30,94.75,90.42,1
4,5,20,90.3033333333333,90.18,0.5
6,5,40,94.66,90.42,1
5,5,60,92.34,91.08,1
3,5,30,93.67,89.9,1
3,5,40,94.09,89.9,1
2,5,10,93.68,89.68,1
3,5,20,91.62,89.9,0.5
2,5,10,90.17,89.68,0.5
7,5,50,94.89,89.72,1
3,5,10,91.58,89.9,1
0,5,30,92.58,90.2,1
3,5,40,93.17,89.9,1
6,5,20,94.32,90.42,1
8,5,60,91.33,90.26,1
2,5,10,91.33,89.68,0.5
5,5,10,91.47,91.08,1
3,5,10,89.96,89.9,0.5
3,5,50,93.65,89.9,1
5,5,40,92.32,91.08,1
6,5,50,94.57,90.42,1
1,5,20,89.37,88.65,1
3,5,30,91.3333333333333,89.9,0.5
3,5,20,89.99,89.9,1
4,5,80,90.79,90.18,1
4,5,30,90.36,90.18,1
3,5,40,93.83,89.9,1
6,5,10,92.88,90.42,1
7,5,10,91.71,89.72,1
7,5,20,94.45,89.72,1
2,5,20,92.24,89.68,0.5
2,5,20,91.55,89.68,1
1,5,40,93.11,88.65,1
3,5,20,91.34,89.9,1
2,5,10,92.97,89.68,0.5
3,5,20,92.46,89.9,1
7,5,10,91.37,89.72,1
3,5,50,93.8,89.9,1
2,5,10,90.06,89.68,0.5
3,5,20,92.71,89.9,1
4,5,30,90.2266666666667,90.18,0.5
3,5,10,89.9466666666667,89.9,0.5
7,5,10,92.12,89.72,0.5
1,5,40,92.18,88.65,1
7,5,30,92.54,89.72,1
2,5,60,93.62,89.68,1
4,5,10,91.37,90.18,1
0,5,20,92.04,90.2,1
3,5,50,93.25,89.9,1
7,5,20,92.4533333333333,89.72,0.5
9,5,10,90.23,89.91,1
7,5,30,94.65,89.72,1
2,5,30,89.96,89.68,1
2,5,30,95.35,89.68,1
1,5,10,88.67,88.65,1
3,5,50,93.5,89.9,1
7,5,30,95.05,89.72,1
4,5,10,92.78,90.18,1
4,5,30,91.8166666666667,90.18,0.5
8,5,10,90.32,90.26,1
0,5,100,91.18,90.2,1
2,5,20,93.8,89.68,0.5
4,5,30,92.56,90.18,1
2,5,30,94.49,89.68,1
3,5,20,91.6333333333333,89.9,0.5
3,5,30,92.24,89.9,0.5
5,5,60,92.58,91.08,1
4,5,10,92.7,90.18,1
7,5,20,90.34,89.72,1
1,5,40,92.58,88.65,1
7,5,30,89.72,89.72,1
1,5,30,90.26,88.65,1
2,5,30,89.85,89.68,1
0,5,100,91.49,90.2,1
7,5,20,90.0766666666667,89.72,0.5
2,5,20,93.94,89.68,1
2,5,30,94.34,89.68,1
8,5,30,91.1,90.26,1
1,5,30,90.32,88.65,1
5,5,20,91.72,91.08,1
1,5,40,92.56,88.65,1
1,5,50,93.8,88.65,1
4,5,20,90.6866666666667,90.18,0.5
3,5,20,92.16,89.9,1
3,5,30,93.25,89.9,1
8,5,80,90.94,90.26,1
2,5,30,94.76,89.68,1
3,5,40,93.5,89.9,1
6,5,50,94.4,90.42,1
3,5,80,93.21,89.9,1
7,5,30,90.78,89.72,1
2,5,80,93.34,89.68,1
1,5,20,89.35,88.65,1
4,5,10,92.33,90.18,1
7,5,30,93.7166666666667,89.72,0.5
7,5,40,95.11,89.72,1
2,5,40,94.91,89.68,1
2,5,100,91.56,89.68,1
6,5,60,94.56,90.42,1
3,5,20,92.63,89.9,1
1,5,60,93.89,88.65,1
3,5,30,89.97,89.9,1
7,5,50,91.9666666666667,89.72,0.5
8,5,80,90.83,90.26,1
3,5,100,92.06,89.9,0.5
3,5,20,89.9266666666667,89.9,0.5
3,5,20,90.42,89.9,1
2,5,10,90.08,89.68,1
6,5,10,92.86,90.42,1
2,5,30,94.73,89.68,1
2,5,10,90.87,89.68,1
2,5,30,95.29,89.68,1
8,5,30,91.14,90.26,1
5,5,20,91.6166666666667,91.08,0.75
2,5,60,93.75,89.68,1
7,5,100,93.27,89.72,1
1,5,40,93.34,88.65,1
3,5,30,90.05,89.9,1
7,5,80,94.2,89.72,1
7,5,10,92.59,89.72,0.5
0,5,100,91.17,90.2,1
4,5,20,91.8166666666667,90.18,0.5
4,5,10,90.4966666666667,90.18,0.5
3,5,100,92.75,89.9,1
4,5,20,91.82,90.18,0.5
7,5,10,90.99,89.72,1
7,5,50,95.35,89.72,1
8,5,80,90.89,90.26,1
1,5,50,94.33,88.65,1
4,5,10,90.18,90.18,0.5
3,5,30,92.67,89.9,0.5
2,5,30,94.74,89.68,1
8,5,40,91.48,90.26,1
3,5,100,92.63,89.9,1
4,5,30,90.61,90.18,1
3,5,20,90.09,89.9,1
0,5,80,92.26,90.2,1
9,5,10,90.46,89.91,1
7,5,40,95.02,89.72,1
3,5,50,93.81,89.9,1
3,5,30,93.69,89.9,1
7,5,10,92.5533333333333,89.72,0.5
7,5,40,95.52,89.72,1
8,5,20,90.86,90.26,1
8,5,10,90.4,90.26,1
2,5,100,91.84,89.68,1
0,5,60,92.62,90.2,1
3,5,20,90.2933333333333,89.9,0.5
0,5,20,91.82,90.2,1
3,5,20,92.83,89.9,1
7,5,100,93.05,89.72,1
2,5,30,94.03,89.68,0.5
9,5,80,91.8,89.91,1
4,5,100,90.73,90.18,1
4,5,20,93.38,90.18,1
4,5,40,92.68,90.18,1
2,5,10,92.3366666666667,89.68,0.5
6,5,10,92.33,90.42,1
7,5,30,90.1733333333333,89.72,0.5
7,5,10,92.6066666666667,89.72,0.5
9,5,30,91.66,89.91,1
6,5,80,93.98,90.42,1
3,5,50,93.77,89.9,1
7,5,100,93.27,89.72,1
3,5,40,93.72,89.9,1
4,5,30,90.6733333333333,90.18,0.5
2,5,30,93.26,89.68,1
8,5,60,91.01,90.26,1
8,5,40,91.08,90.26,1
4,5,10,91.87,90.18,1
0,5,50,93,90.2,1
8,5,30,90.98,90.26,1
2,5,10,89.88,89.68,0.5
3,5,10,89.9033333333333,89.9,0.5
5,5,20,91.54,91.08,1
0,5,100,91.45,90.2,1
3,5,20,89.96,89.9,1
7,5,100,93.55,89.72,1
3,5,20,89.99,89.9,1
5,5,20,91.5466666666667,91.08,0.5
3,5,20,91.92,89.9,0.5
7,5,20,92.27,89.72,1
5,5,100,91.63,91.08,1
4,5,30,91.4733333333333,90.18,0.5
2,5,30,93.8233333333333,89.68,0.5
3,5,40,93.01,89.9,1
6,5,30,94.66,90.42,1
7,5,10,93.16,89.72,1
3,5,100,92.61,89.9,1
7,5,20,94.25,89.72,1
3,5,20,92.51,89.9,1
3,5,60,93.8,89.9,1
0,5,100,91.41,90.2,1
2,5,20,94.98,89.68,1
6,5,10,92.33,90.42,1
7,5,30,89.85,89.72,1
4,5,20,90.38,90.18,1
3,5,50,93.53,89.9,1
4,5,10,90.85,90.18,1
7,5,50,95.0033333333333,89.72,0.75
1,5,100,91.93,88.65,1
6,5,80,93.74,90.42,1
5,5,100,91.7133333333333,91.08,0.5
4,5,30,92.72,90.18,1
1,5,20,89.61,88.65,1
9,5,80,91.82,89.91,1
2,5,20,94.92,89.68,1
2,5,60,94.29,89.68,1
4,5,10,90.5633333333333,90.18,0.5
4,5,100,90.84,90.18,1
2,5,30,93.9166666666667,89.68,0.5
5,5,30,92.26,91.08,1
9,5,20,91.19,89.91,1
4,5,40,92.48,90.18,1
8,5,10,90.28,90.26,1
2,5,20,91.64,89.68,0.5
6,5,30,94.31,90.42,1
9,5,80,92.07,89.91,1
3,5,20,91.76,89.9,0.5
7,5,20,94,89.72,1
2,5,50,94.33,89.68,1
5,5,20,91.8,91.08,1
9,5,30,90.87,89.91,1
9,5,20,90.12,89.91,0.5
5,5,80,92.37,91.08,1
3,5,30,92.8833333333333,89.9,0.5
1,5,40,92.58,88.65,1
6,5,20,94.04,90.42,1
7,5,30,91.7066666666667,89.72,0.5
4,5,40,92.53,90.18,1
3,5,20,90.1333333333333,89.9,0.5
3,5,30,90.26,89.9,0.5
0,5,80,91.86,90.2,1
3,5,30,90.92,89.9,1
1,5,60,94.11,88.65,1
6,5,40,94.87,90.42,1
2,5,30,91.3033333333333,89.68,0.5
4,5,20,90.9833333333333,90.18,0.5
5,5,80,92.18,91.08,1
5,5,10,91.27,91.08,1
2,5,20,93.82,89.68,1
6,5,10,92.27,90.42,1
1,5,40,93.37,88.65,1
7,5,10,90.66,89.72,0.5
3,5,20,92.6,89.9,1
8,5,40,91.1,90.26,1
8,5,40,90.79,90.26,1
4,5,20,92.92,90.18,1
4,5,20,91.3733333333333,90.18,0.5
4,5,20,90.84,90.18,1
2,5,20,90.1866666666667,89.68,0.5
3,5,10,92.07,89.9,1
4,5,20,91.4,90.18,0.5
4,5,30,90.35,90.18,1
5,5,20,91.36,91.08,1
3,5,30,92.46,89.9,1
7,5,20,90.3633333333333,89.72,0.5
2,5,20,90.1466666666667,89.68,0.5
3,5,80,92.95,89.9,1
0,5,50,92.4,90.2,1
3,5,20,91.3166666666667,89.9,0.5
7,5,20,93.8,89.72,1
9,5,20,90.63,89.91,1
4,5,40,92.77,90.18,1
0,5,60,92.43,90.2,1
9,5,100,91.44,89.91,1
1,5,50,95.42,88.65,1
7,5,50,95.49,89.72,1
4,5,30,91.96,90.18,0.5
6,5,40,94.65,90.42,1
4,5,100,90.3,90.18,1
3,5,40,93.84,89.9,1
6,5,50,95.06,90.42,1
3,5,50,93.72,89.9,1
8,5,60,90.94,90.26,1
1,5,80,94.21,88.65,1
0,5,20,92.2,90.2,1
9,5,100,91.79,89.91,1
6,5,80,93.42,90.42,1
3,5,20,91.96,89.9,1
3,5,40,93.45,89.9,1
9,5,80,92.48,89.91,1
3,5,30,92.4533333333333,89.9,0.5
2,5,60,93.91,89.68,1
8,5,80,90.8,90.26,1
7,5,20,89.9766666666667,89.72,0.5
6,5,80,93.35,90.42,1
3,5,20,90.0966666666667,89.9,0.5
1,5,20,89.73,88.65,1
4,5,40,91.99,90.18,1
2,5,10,90.0566666666667,89.68,0.5
2,5,10,93.27,89.68,1
8,5,50,90.84,90.26,1
4,5,10,91.5733333333333,90.18,0.5
5,5,10,91.09,91.08,1
3,5,20,89.95,89.9,0.5
2,5,10,91.57,89.68,1
5,5,40,92.13,91.08,1
6,5,40,95.19,90.42,1
3,5,100,92.98,89.9,1
2,5,50,94.85,89.68,1
9,5,20,90.98,89.91,1
2,5,20,94.05,89.68,1
4,5,20,91.91,90.18,0.5
2,5,20,94.51,89.68,1
8,5,40,90.26,90.26,0.75
5,5,10,91.39,91.08,1
2,5,20,94.81,89.68,1
7,5,20,91.97,89.72,0.5
5,5,60,92.7,91.08,1
4,5,20,91.0933333333333,90.18,0.5
8,5,100,90.62,90.26,1
5,5,10,91.15,91.08,1
9,5,20,90.98,89.91,1
9,5,50,92.58,89.91,1
4,5,60,91.63,90.18,1
5,5,100,92.02,91.08,1
0,5,30,93.13,90.2,1
3,5,30,90.0533333333333,89.9,0.5
7,5,30,94.34,89.72,1
3,5,50,93.62,89.9,1
7,5,30,93.8466666666667,89.72,0.5
3,5,60,93.59,89.9,1
3,5,80,93.51,89.9,1
2,5,10,93.66,89.68,1
2,5,60,94.29,89.68,1
2,5,10,92.95,89.68,0.5
1,5,30,90.2,88.65,1
8,5,40,91.32,90.26,1
1,5,40,93.48,88.65,1
3,5,20,89.9,89.9,0.5
7,5,20,91.25,89.72,1
3,5,20,90.55,89.9,0.5
2,5,20,92.66,89.68,0.5
8,5,80,90.52,90.26,1
9,5,40,91.83,89.91,1
9,5,20,90.94,89.91,1
6,5,40,94.82,90.42,1
4,5,10,92.96,90.18,1
4,5,10,92.6,90.18,1
0,5,50,93.56,90.2,1
7,5,30,91.35,89.72,0.5
3,5,20,90.27,89.9,0.5
9,5,40,91.94,89.91,1
6,5,30,94.15,90.42,1
6,5,50,94.71,90.42,1
9,5,30,91.02,89.91,1
1,5,80,93.98,88.65,1
3,5,50,93.69,89.9,1
2,5,10,93.66,89.68,1
6,5,40,94.99,90.42,1
0,5,20,91.79,90.2,1
2,5,20,90.9033333333333,89.68,0.5
3,5,10,91.93,89.9,1
1,5,10,89.31,88.65,1
4,5,30,90.19,90.18,0.5
4,5,80,91.53,90.18,1
7,5,30,90.18,89.72,1
8,5,40,90.99,90.26,1
2,5,20,90.3566666666667,89.68,0.5
1,5,40,92.62,88.65,1
0,5,60,92.31,90.2,1
7,5,10,91.7666666666667,89.72,0.5
4,5,20,92.74,90.18,1
1,5,10,88.69,88.65,1
2,5,20,91.16,89.68,1
0,5,100,91.35,90.2,1
3,5,40,93.58,89.9,1
7,5,20,93.3333333333333,89.72,0.5
2,5,20,93.39,89.68,0.5
6,5,60,95.11,90.42,1
3,5,20,92.72,89.9,1
5,5,40,92.33,91.08,1
2,5,10,91.17,89.68,1
2,5,20,91.9766666666667,89.68,0.5
7,5,30,93.0966666666667,89.72,0.5
3,5,20,89.92,89.9,1
3,5,20,90.81,89.9,1
0,5,30,92.91,90.2,1
4,5,20,90.24,90.18,0.5
0,5,40,92.97,90.2,1
0,5,80,92.06,90.2,1
9,5,80,91.9,89.91,1
7,5,20,91.5,89.72,0.5
6,5,40,94.97,90.42,1
6,5,20,93.81,90.42,1
7,5,30,93.8,89.72,1
2,5,20,91.27,89.68,0.5
5,5,40,92.66,91.08,1
3,5,30,89.98,89.9,1
3,5,40,93.72,89.9,1
5,5,30,92.35,91.08,1
7,5,40,95.18,89.72,1
7,5,30,94.53,89.72,1
9,5,30,91.27,89.91,1
7,5,30,95.2,89.72,1
7,5,20,94.57,89.72,1
3,5,30,92.98,89.9,1
2,5,10,92.6466666666667,89.68,0.5
8,5,50,91.48,90.26,1
7,5,30,93.9733333333333,89.72,0.5
0,5,40,93.75,90.2,1
4,5,100,91.22,90.18,1
9,5,30,91.93,89.91,1
3,5,20,90.31,89.9,1
4,5,20,90.18,90.18,1
6,5,10,92.48,90.42,1
7,5,20,94.2,89.72,1
5,5,40,91.93,91.08,1
7,5,10,94.03,89.72,1
3,5,30,92.9,89.9,1
3,5,10,91.4,89.9,0.5
3,5,20,93.21,89.9,1
9,5,40,91.82,89.91,1
8,5,50,90.56,90.26,1
2,5,30,91.44,89.68,0.5
2,5,10,92.1,89.68,1
7,5,20,94.76,89.72,1
8,5,30,90.95,90.26,1
0,5,20,92.65,90.2,1
3,5,50,93.44,89.9,1
4,5,60,91.79,90.18,1
6,5,100,92.59,90.42,1
3,5,20,92.1366666666667,89.9,0.5
7,5,20,94.74,89.72,1
6,5,50,94.5,90.42,1
7,5,10,91.76,89.72,1
7,5,10,90.84,89.72,1
7,5,30,95,89.72,1
0,5,40,93.09,90.2,1
3,5,20,89.99,89.9,1
9,5,10,90.34,89.91,1
3,5,40,93.37,89.9,1
2,5,20,90.3433333333333,89.68,0.5
3,5,30,90.3466666666667,89.9,0.5
2,5,20,94.47,89.68,1
2,5,40,95.14,89.68,1
6,5,50,95.37,90.42,1
4,5,80,91.68,90.18,1
2,5,20,92.79,89.68,0.5
6,5,30,94.16,90.42,1
8,5,40,91.14,90.26,1
2,5,80,93.04,89.68,1
7,5,20,94.21,89.72,1
0,5,10,91.9,90.2,1
4,5,20,92.69,90.18,1
4,5,20,90.18,90.18,1
4,5,30,90.2266666666667,90.18,0.5
5,5,50,92.19,91.08,1
9,5,80,91.97,89.91,1
1,5,40,92.98,88.65,1
3,5,20,90.6366666666667,89.9,0.5
7,5,10,93.81,89.72,1
4,5,30,90.29,90.18,1
1,5,50,93.84,88.65,1
5,5,40,92.83,91.08,1
1,5,20,89.77,88.65,1
6,5,60,94.29,90.42,1
7,5,30,89.72,89.72,1
5,5,20,91.39,91.08,1
1,5,40,92.54,88.65,1
1,5,30,89.55,88.65,1
3,5,30,93.08,89.9,1
3,5,20,92.5,89.9,1
4,5,10,91.33,90.18,0.5
9,5,10,90.46,89.91,1
5,5,60,92.63,91.08,1
8,5,10,90.31,90.26,1
7,5,30,89.8,89.72,1
2,5,30,94.65,89.68,1
4,5,50,92.08,90.18,1
7,5,20,91.5066666666667,89.72,0.5
6,5,30,94.76,90.42,1
9,5,40,92.07,89.91,1
3,5,10,90.44,89.9,1
4,5,50,91.76,90.18,1
9,5,40,91.3933333333333,89.91,0.5
5,5,60,92.66,91.08,1
2,5,10,92.25,89.68,1
3,5,30,91.8,89.9,1
5,5,40,92.43,91.08,1
4,5,40,92.21,90.18,1
7,5,60,95.15,89.72,1
0,5,20,92.04,90.2,1
4,5,20,91.82,90.18,0.5
4,5,30,90.56,90.18,1
2,5,20,91.95,89.68,1
4,5,30,91.6666666666667,90.18,0.5
7,5,30,93.2266666666667,89.72,0.5
6,5,30,95.04,90.42,1
2,5,20,93.6433333333333,89.68,0.5
7,5,40,95.31,89.72,1
6,5,100,92.01,90.42,1
3,5,60,93.73,89.9,1
3,5,20,91.07,89.9,1
8,5,80,90.62,90.26,1
2,5,20,91.8666666666667,89.68,0.5
3,5,50,94.23,89.9,1
3,5,40,93.76,89.9,1
3,5,50,93.53,89.9,1
2,5,20,93.6766666666667,89.68,0.5
4,5,100,91.27,90.18,1
1,5,60,94,88.65,1
3,5,10,89.9,89.9,1
7,5,30,94.7,89.72,1
2,5,30,92.57,89.68,1
4,5,80,90.99,90.18,1
2,5,50,90.7066666666667,89.68,0.5
7,5,50,94.86,89.72,1
0,5,60,92.39,90.2,1
7,5,50,94.27,89.72,1
3,5,40,93.87,89.9,1
2,5,40,95.39,89.68,1
8,5,60,91.04,90.26,1
6,5,20,93.92,90.42,1
4,5,20,90.18,90.18,1
5,5,60,92.64,91.08,1
2,5,20,91.8,89.68,1
9,5,50,91.97,89.91,1
3,5,60,93.43,89.9,1
3,5,30,90.1833333333333,89.9,0.5
0,5,20,92.31,90.2,1
7,5,30,90.81,89.72,1
6,5,20,94.15,90.42,1
7,5,40,95.11,89.72,1
3,5,40,93.76,89.9,1
9,5,40,92.76,89.91,1
5,5,50,92.68,91.08,1
7,5,10,90.48,89.72,0.5
3,5,20,92.01,89.9,0.5
3,5,50,93.45,89.9,1
3,5,30,89.9,89.9,1
6,5,20,94.56,90.42,1
1,5,20,89.75,88.65,1
4,5,30,93.46,90.18,1
3,5,20,92.0433333333333,89.9,0.75
0,5,30,92.7,90.2,1
1,5,20,89.27,88.65,1
2,5,100,91.93,89.68,1
2,5,30,89.7333333333333,89.68,0.5
2,5,20,94.35,89.68,1
7,5,80,94.32,89.72,1
6,5,100,92.48,90.42,1
2,5,10,94.14,89.68,1
7,5,80,94.31,89.72,1
9,5,100,92.19,89.91,1
4,5,10,92.17,90.18,1
7,5,20,92.8966666666667,89.72,0.5
8,5,10,90.34,90.26,1
0,5,40,92.93,90.2,1
2,5,40,95.07,89.68,1
4,5,100,90.69,90.18,1
6,5,20,93.72,90.42,1
4,5,20,92.65,90.18,1
3,5,10,89.94,89.9,1
2,5,20,92.75,89.68,0.5
7,5,20,94.73,89.72,1
8,5,20,90.74,90.26,1
3,5,20,90.9633333333333,89.9,0.5
3,5,40,93.49,89.9,1
4,5,30,91.82,90.18,1
2,5,20,91.39,89.68,1
9,5,60,92.74,89.91,1
2,5,10,93.71,89.68,1
4,5,10,90.77,90.18,1
5,5,100,91.84,91.08,1
3,5,100,92.39,89.9,1
1,5,30,89.45,88.65,1
7,5,20,91.2533333333333,89.72,0.5
2,5,20,93.93,89.68,1
3,5,30,91.3766666666667,89.9,0.5
3,5,20,92.82,89.9,1
7,5,80,94.87,89.72,1
7,5,30,92.15,89.72,0.5
2,5,100,92.23,89.68,1
2,5,60,94.05,89.68,1
4,5,50,92.87,90.18,1
9,5,40,90.77,89.91,0.75
8,5,40,91.05,90.26,1
3,5,50,93.55,89.9,1
3,5,30,91.5266666666667,89.9,0.5
4,5,60,92.03,90.18,1
3,5,20,92.25,89.9,0.5
2,5,30,91.08,89.68,1
1,5,40,92.13,88.65,1
8,5,60,91.3,90.26,1
5,5,60,92.74,91.08,1
0,5,20,91.8233333333333,90.2,0.75
3,5,40,93.84,89.9,1
8,5,100,90.54,90.26,1
8,5,40,91.18,90.26,1
8,5,20,90.58,90.26,1
4,5,60,92.35,90.18,1
0,5,50,92.67,90.2,1
3,5,100,92.42,89.9,1
7,5,10,93.36,89.72,1
6,5,100,93.12,90.42,1
7,5,80,94.76,89.72,1
7,5,20,92.5066666666667,89.72,0.5
9,5,60,91.91,89.91,1
8,5,20,90.99,90.26,1
7,5,80,93.89,89.72,1
3,5,10,89.92,89.9,1
5,5,100,92.15,91.08,1
1,5,40,93.18,88.65,1
2,5,30,92.79,89.68,1
3,5,10,91.59,89.9,0.5
5,5,80,92.48,91.08,1
7,5,10,89.7266666666667,89.72,0.5
7,5,30,90.05,89.72,0.5
5,5,30,91.84,91.08,1
